Tåguppdrag,Datum_PAU,Tågslag,Tågsort,UppehållstypAvgång,UppehållstypAnkomst,AktivitetskodAvgång,AktivitetskodBeskrivningAvgång,AktivitetskodAnkomst,AktivitetskodBeskrivningAnkomst,DelSträckanummer,Förstaplatssignatur_för_Uppdrag,Sistaplatssignatur_för_Uppdrag,Avgångsplats,Avgångsplatssignatur,Ankomstplats,Ankomstplatssignatur,PlanAvgTid,PlanAnkTid,UtfAnkTid,UtfAvgTid,PlanAnkTid_vid_AvgPlats,UtfAnkTid_vid_AvgPlats,PlanUppehållstidAvgång,UtfUppehållstidAvgång,PlanGångtid,UtfGångtid,FörseningGångtid,AvgFörsening,AnkFörsening,FörseningUppehållAvgång,Start,End,Path
6730.0,2019-03-02,GT,GODS,Uppehåll,Passage,2,Vagntillkoppling av godsvagnar,0,-,1,Fs,Blg,Avesta Krylbo,Avky,Avesta Centrum,Acm,2019-03-02 10:16:00.000,2019-03-02 10:23:00.000,2019-03-02 08:58:00.000,2019-03-02 08:56:00.000,,,,,7,2.0,-5.0,-80.0,-85.0,,Acm,Blg,Acm
6730.0,2019-03-02,GT,GODS,Första,Passage,2,Vagntillkoppling av godsvagnar,0,-,1,Fs,Blg,Fors,Fs,Jularbo,Ju,2019-03-02 09:33:00.000,2019-03-02 09:41:00.000,2019-03-02 08:24:00.000,2019-03-02 08:19:00.000,,,,,8,5.0,-3.0,-74.0,-77.0,,Acm,Blg,Ju
6730.0,2019-03-02,GT,GODS,Passage,Uppehåll,0,-,0,-,2,Fs,Blg,Avesta Centrum,Acm,Snickarbo,Snb,2019-03-02 10:23:00.000,2019-03-02 10:30:00.000,2019-03-02 09:05:00.000,,2019-03-02 10:23:00.000,2019-03-02 08:58:00.000,0.0,,7,,,,-85.0,,Acm,Blg,Snb
6730.0,2019-03-02,GT,GODS,Passage,Uppehåll,0,-,2,Vagntillkoppling av godsvagnar,2,Fs,Blg,Jularbo,Ju,Avesta Krylbo,Avky,2019-03-02 09:41:00.000,2019-03-02 09:46:00.000,2019-03-02 08:28:00.000,2019-03-02 08:24:00.000,2019-03-02 09:41:00.000,2019-03-02 08:24:00.000,0.0,0.0,5,4.0,-1.0,-77.0,-78.0,0.0,Acm,Blg,Avky
6730.0,2019-03-02,GT,GODS,Uppehåll,Passage,0,-,0,-,3,Fs,Blg,Snickarbo,Snb,Hedemora,Hdm,2019-03-02 10:50:00.000,2019-03-02 11:00:00.000,2019-03-02 09:13:00.000,2019-03-02 09:05:00.000,2019-03-02 10:30:00.000,2019-03-02 09:05:00.000,20.0,0.0,10,8.0,-2.0,-105.0,-107.0,-20.0,Acm,Blg,Hdm
6730.0,2019-03-02,GT,GODS,Passage,Passage,0,-,0,-,4,Fs,Blg,Hedemora,Hdm,Vikmanshyttan,Vhy,2019-03-02 11:00:00.000,2019-03-02 11:06:00.000,2019-03-02 09:17:00.000,2019-03-02 09:13:00.000,2019-03-02 11:00:00.000,2019-03-02 09:13:00.000,0.0,0.0,6,4.0,-2.0,-107.0,-109.0,0.0,Acm,Blg,Vhy
6730.0,2019-03-02,GT,GODS,Passage,Passage,0,-,0,-,5,Fs,Blg,Vikmanshyttan,Vhy,Säter,St,2019-03-02 11:06:00.000,2019-03-02 11:13:00.000,2019-03-02 09:22:00.000,2019-03-02 09:17:00.000,2019-03-02 11:06:00.000,2019-03-02 09:17:00.000,0.0,0.0,7,5.0,-2.0,-109.0,-111.0,0.0,Acm,Blg,St
6730.0,2019-03-02,GT,GODS,Passage,Passage,0,-,0,-,6,Fs,Blg,Säter,St,Gustafs,Gtf,2019-03-02 11:13:00.000,2019-03-02 11:22:00.000,2019-03-02 09:29:00.000,2019-03-02 09:22:00.000,2019-03-02 11:13:00.000,2019-03-02 09:22:00.000,0.0,0.0,9,7.0,-2.0,-111.0,-113.0,0.0,Acm,Blg,Gtf
6730.0,2019-03-02,GT,GODS,Passage,Passage,0,-,0,-,7,Fs,Blg,Gustafs,Gtf,Stora Tuna,Sau,2019-03-02 11:22:00.000,2019-03-02 11:27:00.000,2019-03-02 09:34:00.000,2019-03-02 09:29:00.000,2019-03-02 11:22:00.000,2019-03-02 09:29:00.000,0.0,0.0,5,5.0,0.0,-113.0,-113.0,0.0,Acm,Blg,Sau
6730.0,2019-03-02,GT,GODS,Passage,Sista,0,-,20,Vagnavkoppling av godsvagnar,8,Fs,Blg,Stora Tuna,Sau,Borlänge c,Blg,2019-03-02 11:27:00.000,2019-03-02 11:34:00.000,2019-03-02 09:43:00.000,2019-03-02 09:34:00.000,2019-03-02 11:27:00.000,2019-03-02 09:34:00.000,0.0,0.0,7,9.0,2.0,-113.0,-111.0,0.0,Acm,Blg,Blg
6730.0,2019-03-16,GT,GODS,Uppehåll,Passage,2,Vagntillkoppling av godsvagnar,0,-,1,Fs,Blg,Avesta Krylbo,Avky,Avesta Centrum,Acm,2019-03-16 10:16:00.000,2019-03-16 10:23:00.000,2019-03-16 09:32:00.000,2019-03-16 09:27:00.000,,,,,7,5.0,-2.0,-49.0,-51.0,,Acm,Blg,Acm
6730.0,2019-03-16,GT,GODS,Första,Passage,2,Vagntillkoppling av godsvagnar,0,-,1,Fs,Blg,Fors,Fs,Jularbo,Ju,2019-03-16 09:33:00.000,2019-03-16 09:41:00.000,2019-03-16 08:54:00.000,2019-03-16 08:48:00.000,,,,,8,6.0,-2.0,-45.0,-47.0,,Acm,Blg,Ju
6730.0,2019-03-16,GT,GODS,Passage,Uppehåll,0,-,2,Vagntillkoppling av godsvagnar,2,Fs,Blg,Jularbo,Ju,Avesta Krylbo,Avky,2019-03-16 09:41:00.000,2019-03-16 09:46:00.000,2019-03-16 08:58:00.000,2019-03-16 08:54:00.000,2019-03-16 09:41:00.000,2019-03-16 08:54:00.000,0.0,0.0,5,4.0,-1.0,-47.0,-48.0,0.0,Acm,Blg,Avky
6730.0,2019-03-16,GT,GODS,Passage,Uppehåll,0,-,0,-,2,Fs,Blg,Avesta Centrum,Acm,Snickarbo,Snb,2019-03-16 10:23:00.000,2019-03-16 10:30:00.000,2019-03-16 09:39:00.000,,2019-03-16 10:23:00.000,2019-03-16 09:32:00.000,0.0,,7,,,,-51.0,,Acm,Blg,Snb
6730.0,2019-03-16,GT,GODS,Uppehåll,Passage,0,-,0,-,3,Fs,Blg,Snickarbo,Snb,Hedemora,Hdm,2019-03-16 10:50:00.000,2019-03-16 11:00:00.000,2019-03-16 09:48:00.000,2019-03-16 09:39:00.000,2019-03-16 10:30:00.000,2019-03-16 09:39:00.000,20.0,0.0,10,9.0,-1.0,-71.0,-72.0,-20.0,Acm,Blg,Hdm
6730.0,2019-03-16,GT,GODS,Passage,Passage,0,-,0,-,4,Fs,Blg,Hedemora,Hdm,Vikmanshyttan,Vhy,2019-03-16 11:00:00.000,2019-03-16 11:06:00.000,2019-03-16 09:54:00.000,2019-03-16 09:48:00.000,2019-03-16 11:00:00.000,2019-03-16 09:48:00.000,0.0,0.0,6,6.0,0.0,-72.0,-72.0,0.0,Acm,Blg,Vhy
6730.0,2019-03-16,GT,GODS,Passage,Passage,0,-,0,-,5,Fs,Blg,Vikmanshyttan,Vhy,Säter,St,2019-03-16 11:06:00.000,2019-03-16 11:13:00.000,2019-03-16 10:11:00.000,2019-03-16 09:54:00.000,2019-03-16 11:06:00.000,2019-03-16 09:54:00.000,0.0,0.0,7,17.0,10.0,-72.0,-62.0,0.0,Acm,Blg,St
6730.0,2019-03-16,GT,GODS,Passage,Passage,0,-,0,-,6,Fs,Blg,Säter,St,Gustafs,Gtf,2019-03-16 11:13:00.000,2019-03-16 11:22:00.000,2019-03-16 10:21:00.000,2019-03-16 10:11:00.000,2019-03-16 11:13:00.000,2019-03-16 10:11:00.000,0.0,0.0,9,10.0,1.0,-62.0,-61.0,0.0,Acm,Blg,Gtf
6730.0,2019-03-16,GT,GODS,Passage,Passage,0,-,0,-,7,Fs,Blg,Gustafs,Gtf,Stora Tuna,Sau,2019-03-16 11:22:00.000,2019-03-16 11:27:00.000,2019-03-16 10:26:00.000,2019-03-16 10:21:00.000,2019-03-16 11:22:00.000,2019-03-16 10:21:00.000,0.0,0.0,5,5.0,0.0,-61.0,-61.0,0.0,Acm,Blg,Sau
6730.0,2019-03-16,GT,GODS,Passage,Sista,0,-,20,Vagnavkoppling av godsvagnar,8,Fs,Blg,Stora Tuna,Sau,Borlänge c,Blg,2019-03-16 11:27:00.000,2019-03-16 11:34:00.000,2019-03-16 10:33:00.000,2019-03-16 10:26:00.000,2019-03-16 11:27:00.000,2019-03-16 10:26:00.000,0.0,0.0,7,7.0,0.0,-61.0,-61.0,0.0,Acm,Blg,Blg
6730.0,2019-03-23,GT,GODS,Uppehåll,Passage,2,Vagntillkoppling av godsvagnar,0,-,1,Fs,Blg,Avesta Krylbo,Avky,Avesta Centrum,Acm,2019-03-23 10:16:00.000,2019-03-23 10:23:00.000,2019-03-23 09:31:00.000,2019-03-23 09:26:00.000,,,,,7,5.0,-2.0,-50.0,-52.0,,Acm,Blg,Acm
6730.0,2019-03-23,GT,GODS,Första,Passage,2,Vagntillkoppling av godsvagnar,0,-,1,Fs,Blg,Fors,Fs,Jularbo,Ju,2019-03-23 09:33:00.000,2019-03-23 09:41:00.000,2019-03-23 08:35:00.000,2019-03-23 08:29:00.000,,,,,8,6.0,-2.0,-64.0,-66.0,,Acm,Blg,Ju
6730.0,2019-03-23,GT,GODS,Passage,Uppehåll,0,-,0,-,2,Fs,Blg,Avesta Centrum,Acm,Snickarbo,Snb,2019-03-23 10:23:00.000,2019-03-23 10:30:00.000,2019-03-23 09:38:00.000,,2019-03-23 10:23:00.000,2019-03-23 09:31:00.000,0.0,,7,,,,-52.0,,Acm,Blg,Snb
6730.0,2019-03-23,GT,GODS,Passage,Uppehåll,0,-,2,Vagntillkoppling av godsvagnar,2,Fs,Blg,Jularbo,Ju,Avesta Krylbo,Avky,2019-03-23 09:41:00.000,2019-03-23 09:46:00.000,2019-03-23 08:40:00.000,2019-03-23 08:35:00.000,2019-03-23 09:41:00.000,2019-03-23 08:35:00.000,0.0,0.0,5,5.0,0.0,-66.0,-66.0,0.0,Acm,Blg,Avky
6730.0,2019-03-23,GT,GODS,Uppehåll,Passage,0,-,0,-,3,Fs,Blg,Snickarbo,Snb,Hedemora,Hdm,2019-03-23 10:50:00.000,2019-03-23 11:00:00.000,2019-03-23 09:47:00.000,2019-03-23 09:38:00.000,2019-03-23 10:30:00.000,2019-03-23 09:38:00.000,20.0,0.0,10,9.0,-1.0,-72.0,-73.0,-20.0,Acm,Blg,Hdm
6730.0,2019-03-23,GT,GODS,Passage,Passage,0,-,0,-,4,Fs,Blg,Hedemora,Hdm,Vikmanshyttan,Vhy,2019-03-23 11:00:00.000,2019-03-23 11:06:00.000,2019-03-23 09:52:00.000,2019-03-23 09:47:00.000,2019-03-23 11:00:00.000,2019-03-23 09:47:00.000,0.0,0.0,6,5.0,-1.0,-73.0,-74.0,0.0,Acm,Blg,Vhy
6730.0,2019-03-23,GT,GODS,Passage,Passage,0,-,0,-,5,Fs,Blg,Vikmanshyttan,Vhy,Säter,St,2019-03-23 11:06:00.000,2019-03-23 11:13:00.000,2019-03-23 10:10:00.000,2019-03-23 09:52:00.000,2019-03-23 11:06:00.000,2019-03-23 09:52:00.000,0.0,0.0,7,18.0,11.0,-74.0,-63.0,0.0,Acm,Blg,St
6730.0,2019-03-23,GT,GODS,Passage,Passage,0,-,0,-,6,Fs,Blg,Säter,St,Gustafs,Gtf,2019-03-23 11:13:00.000,2019-03-23 11:22:00.000,2019-03-23 10:19:00.000,2019-03-23 10:10:00.000,2019-03-23 11:13:00.000,2019-03-23 10:10:00.000,0.0,0.0,9,9.0,0.0,-63.0,-63.0,0.0,Acm,Blg,Gtf
6730.0,2019-03-23,GT,GODS,Passage,Passage,0,-,0,-,7,Fs,Blg,Gustafs,Gtf,Stora Tuna,Sau,2019-03-23 11:22:00.000,2019-03-23 11:27:00.000,2019-03-23 10:24:00.000,2019-03-23 10:19:00.000,2019-03-23 11:22:00.000,2019-03-23 10:19:00.000,0.0,0.0,5,5.0,0.0,-63.0,-63.0,0.0,Acm,Blg,Sau
6730.0,2019-03-23,GT,GODS,Passage,Sista,0,-,20,Vagnavkoppling av godsvagnar,8,Fs,Blg,Stora Tuna,Sau,Borlänge c,Blg,2019-03-23 11:27:00.000,2019-03-23 11:34:00.000,2019-03-23 10:30:00.000,2019-03-23 10:24:00.000,2019-03-23 11:27:00.000,2019-03-23 10:24:00.000,0.0,0.0,7,6.0,-1.0,-63.0,-64.0,0.0,Acm,Blg,Blg
6730.0,2019-03-30,GT,GODS,Uppehåll,Passage,2,Vagntillkoppling av godsvagnar,0,-,1,Fs,Blg,Avesta Krylbo,Avky,Avesta Centrum,Acm,2019-03-30 10:16:00.000,2019-03-30 10:23:00.000,2019-03-30 08:43:00.000,2019-03-30 08:40:00.000,,,,,7,3.0,-4.0,-96.0,-100.0,,Acm,Blg,Acm
6730.0,2019-03-30,GT,GODS,Första,Passage,2,Vagntillkoppling av godsvagnar,0,-,1,Fs,Blg,Fors,Fs,Jularbo,Ju,2019-03-30 09:33:00.000,2019-03-30 09:41:00.000,2019-03-30 08:08:00.000,2019-03-30 08:04:00.000,,,,,8,4.0,-4.0,-89.0,-93.0,,Acm,Blg,Ju
6730.0,2019-03-30,GT,GODS,Passage,Uppehåll,0,-,0,-,2,Fs,Blg,Avesta Centrum,Acm,Snickarbo,Snb,2019-03-30 10:23:00.000,2019-03-30 10:30:00.000,2019-03-30 08:50:00.000,,2019-03-30 10:23:00.000,2019-03-30 08:43:00.000,0.0,,7,,,,-100.0,,Acm,Blg,Snb
6730.0,2019-03-30,GT,GODS,Passage,Uppehåll,0,-,2,Vagntillkoppling av godsvagnar,2,Fs,Blg,Jularbo,Ju,Avesta Krylbo,Avky,2019-03-30 09:41:00.000,2019-03-30 09:46:00.000,2019-03-30 08:12:00.000,2019-03-30 08:08:00.000,2019-03-30 09:41:00.000,2019-03-30 08:08:00.000,0.0,0.0,5,4.0,-1.0,-93.0,-94.0,0.0,Acm,Blg,Avky
6730.0,2019-03-30,GT,GODS,Uppehåll,Passage,0,-,0,-,3,Fs,Blg,Snickarbo,Snb,Hedemora,Hdm,2019-03-30 10:50:00.000,2019-03-30 11:00:00.000,2019-03-30 09:07:00.000,2019-03-30 08:58:00.000,2019-03-30 10:30:00.000,2019-03-30 08:50:00.000,20.0,8.0,10,9.0,-1.0,-112.0,-113.0,-12.0,Acm,Blg,Hdm
6730.0,2019-03-30,GT,GODS,Passage,Passage,0,-,0,-,4,Fs,Blg,Hedemora,Hdm,Vikmanshyttan,Vhy,2019-03-30 11:00:00.000,2019-03-30 11:06:00.000,2019-03-30 09:12:00.000,2019-03-30 09:07:00.000,2019-03-30 11:00:00.000,2019-03-30 09:07:00.000,0.0,0.0,6,5.0,-1.0,-113.0,-114.0,0.0,Acm,Blg,Vhy
6730.0,2019-03-30,GT,GODS,Passage,Passage,0,-,0,-,5,Fs,Blg,Vikmanshyttan,Vhy,Säter,St,2019-03-30 11:06:00.000,2019-03-30 11:13:00.000,2019-03-30 09:17:00.000,2019-03-30 09:12:00.000,2019-03-30 11:06:00.000,2019-03-30 09:12:00.000,0.0,0.0,7,5.0,-2.0,-114.0,-116.0,0.0,Acm,Blg,St
6730.0,2019-03-30,GT,GODS,Passage,Passage,0,-,0,-,6,Fs,Blg,Säter,St,Gustafs,Gtf,2019-03-30 11:13:00.000,2019-03-30 11:22:00.000,2019-03-30 09:25:00.000,2019-03-30 09:17:00.000,2019-03-30 11:13:00.000,2019-03-30 09:17:00.000,0.0,0.0,9,8.0,-1.0,-116.0,-117.0,0.0,Acm,Blg,Gtf
6730.0,2019-03-30,GT,GODS,Passage,Passage,0,-,0,-,7,Fs,Blg,Gustafs,Gtf,Stora Tuna,Sau,2019-03-30 11:22:00.000,2019-03-30 11:27:00.000,2019-03-30 09:29:00.000,2019-03-30 09:25:00.000,2019-03-30 11:22:00.000,2019-03-30 09:25:00.000,0.0,0.0,5,4.0,-1.0,-117.0,-118.0,0.0,Acm,Blg,Sau
6730.0,2019-03-30,GT,GODS,Passage,Sista,0,-,20,Vagnavkoppling av godsvagnar,8,Fs,Blg,Stora Tuna,Sau,Borlänge c,Blg,2019-03-30 11:27:00.000,2019-03-30 11:34:00.000,2019-03-30 09:35:00.000,2019-03-30 09:29:00.000,2019-03-30 11:27:00.000,2019-03-30 09:29:00.000,0.0,0.0,7,6.0,-1.0,-118.0,-119.0,0.0,Acm,Blg,Blg
6732.0,2019-03-17,GT,GODS,Uppehåll,Passage,2,Vagntillkoppling av godsvagnar,0,-,1,Fs,Blg,Avesta Krylbo,Avky,Avesta Centrum,Acm,2019-03-17 11:46:00.000,2019-03-17 11:53:00.000,2019-03-17 09:10:00.000,2019-03-17 09:07:00.000,,,,,7,3.0,-4.0,-159.0,-163.0,,Acm,Blg,Acm
6732.0,2019-03-17,GT,GODS,Första,Passage,2,Vagntillkoppling av godsvagnar,0,-,1,Fs,Blg,Fors,Fs,Jularbo,Ju,2019-03-17 10:53:00.000,2019-03-17 11:01:00.000,2019-03-17 08:42:00.000,2019-03-17 08:38:00.000,,,,,8,4.0,-4.0,-135.0,-139.0,,Acm,Blg,Ju
6732.0,2019-03-17,GT,GODS,Passage,Passage,0,-,0,-,2,Fs,Blg,Avesta Centrum,Acm,Snickarbo,Snb,2019-03-17 11:53:00.000,2019-03-17 11:59:00.000,2019-03-17 09:16:00.000,,2019-03-17 11:53:00.000,2019-03-17 09:10:00.000,0.0,,6,,,,-163.0,,Acm,Blg,Snb
6732.0,2019-03-17,GT,GODS,Passage,Uppehåll,0,-,2,Vagntillkoppling av godsvagnar,2,Fs,Blg,Jularbo,Ju,Avesta Krylbo,Avky,2019-03-17 11:01:00.000,2019-03-17 11:06:00.000,2019-03-17 08:52:00.000,2019-03-17 08:42:00.000,2019-03-17 11:01:00.000,2019-03-17 08:42:00.000,0.0,0.0,5,10.0,5.0,-139.0,-134.0,0.0,Acm,Blg,Avky
6732.0,2019-03-17,GT,GODS,Passage,Passage,0,-,0,-,3,Fs,Blg,Snickarbo,Snb,Hedemora,Hdm,2019-03-17 11:59:00.000,2019-03-17 12:07:00.000,2019-03-17 09:23:00.000,2019-03-17 09:16:00.000,2019-03-17 11:59:00.000,2019-03-17 09:16:00.000,0.0,0.0,8,7.0,-1.0,-163.0,-164.0,0.0,Acm,Blg,Hdm
6732.0,2019-03-17,GT,GODS,Passage,Uppehåll,0,-,0,-,4,Fs,Blg,Hedemora,Hdm,Vikmanshyttan,Vhy,2019-03-17 12:07:00.000,2019-03-17 12:13:00.000,2019-03-17 09:27:00.000,2019-03-17 09:23:00.000,2019-03-17 12:07:00.000,2019-03-17 09:23:00.000,0.0,0.0,6,4.0,-2.0,-164.0,-166.0,0.0,Acm,Blg,Vhy
6732.0,2019-03-17,GT,GODS,Uppehåll,Passage,0,-,0,-,5,Fs,Blg,Vikmanshyttan,Vhy,Säter,St,2019-03-17 12:20:00.000,2019-03-17 12:33:00.000,2019-03-17 09:33:00.000,2019-03-17 09:28:00.000,2019-03-17 12:13:00.000,2019-03-17 09:27:00.000,7.0,1.0,13,5.0,-8.0,-172.0,-180.0,-6.0,Acm,Blg,St
6732.0,2019-03-17,GT,GODS,Passage,Passage,0,-,0,-,6,Fs,Blg,Säter,St,Gustafs,Gtf,2019-03-17 12:33:00.000,2019-03-17 12:41:00.000,2019-03-17 09:40:00.000,2019-03-17 09:33:00.000,2019-03-17 12:33:00.000,2019-03-17 09:33:00.000,0.0,0.0,8,7.0,-1.0,-180.0,-181.0,0.0,Acm,Blg,Gtf
6732.0,2019-03-17,GT,GODS,Passage,Passage,0,-,0,-,7,Fs,Blg,Gustafs,Gtf,Stora Tuna,Sau,2019-03-17 12:41:00.000,2019-03-17 12:45:00.000,2019-03-17 09:44:00.000,2019-03-17 09:40:00.000,2019-03-17 12:41:00.000,2019-03-17 09:40:00.000,0.0,0.0,4,4.0,0.0,-181.0,-181.0,0.0,Acm,Blg,Sau
6732.0,2019-03-17,GT,GODS,Passage,Sista,0,-,20,Vagnavkoppling av godsvagnar,8,Fs,Blg,Stora Tuna,Sau,Borlänge c,Blg,2019-03-17 12:45:00.000,2019-03-17 12:52:00.000,2019-03-17 09:55:00.000,2019-03-17 09:44:00.000,2019-03-17 12:45:00.000,2019-03-17 09:44:00.000,0.0,0.0,7,11.0,4.0,-181.0,-177.0,0.0,Acm,Blg,Blg
6732.0,2019-03-24,GT,GODS,Uppehåll,Passage,2,Vagntillkoppling av godsvagnar,0,-,1,Fs,Blg,Avesta Krylbo,Avky,Avesta Centrum,Acm,2019-03-24 11:46:00.000,2019-03-24 11:53:00.000,2019-03-24 08:41:00.000,2019-03-24 08:36:00.000,,,,,7,5.0,-2.0,-190.0,-192.0,,Acm,Blg,Acm
6732.0,2019-03-24,GT,GODS,Första,Passage,2,Vagntillkoppling av godsvagnar,0,-,1,Fs,Blg,Fors,Fs,Jularbo,Ju,2019-03-24 10:53:00.000,2019-03-24 11:01:00.000,2019-03-24 08:19:00.000,2019-03-24 08:14:00.000,,,,,8,5.0,-3.0,-159.0,-162.0,,Acm,Blg,Ju
6732.0,2019-03-24,GT,GODS,Passage,Uppehåll,0,-,2,Vagntillkoppling av godsvagnar,2,Fs,Blg,Jularbo,Ju,Avesta Krylbo,Avky,2019-03-24 11:01:00.000,2019-03-24 11:06:00.000,2019-03-24 08:23:00.000,2019-03-24 08:19:00.000,2019-03-24 11:01:00.000,2019-03-24 08:19:00.000,0.0,0.0,5,4.0,-1.0,-162.0,-163.0,0.0,Acm,Blg,Avky
6732.0,2019-03-24,GT,GODS,Passage,Passage,0,-,0,-,2,Fs,Blg,Avesta Centrum,Acm,Snickarbo,Snb,2019-03-24 11:53:00.000,2019-03-24 11:59:00.000,2019-03-24 08:47:00.000,,2019-03-24 11:53:00.000,2019-03-24 08:41:00.000,0.0,,6,,,,-192.0,,Acm,Blg,Snb
6732.0,2019-03-24,GT,GODS,Passage,Passage,0,-,0,-,3,Fs,Blg,Snickarbo,Snb,Hedemora,Hdm,2019-03-24 11:59:00.000,2019-03-24 12:07:00.000,2019-03-24 08:54:00.000,2019-03-24 08:47:00.000,2019-03-24 11:59:00.000,2019-03-24 08:47:00.000,0.0,0.0,8,7.0,-1.0,-192.0,-193.0,0.0,Acm,Blg,Hdm
6732.0,2019-03-24,GT,GODS,Passage,Uppehåll,0,-,0,-,4,Fs,Blg,Hedemora,Hdm,Vikmanshyttan,Vhy,2019-03-24 12:07:00.000,2019-03-24 12:13:00.000,2019-03-24 08:59:00.000,2019-03-24 08:54:00.000,2019-03-24 12:07:00.000,2019-03-24 08:54:00.000,0.0,0.0,6,5.0,-1.0,-193.0,-194.0,0.0,Acm,Blg,Vhy
6732.0,2019-03-24,GT,GODS,Uppehåll,Passage,0,-,0,-,5,Fs,Blg,Vikmanshyttan,Vhy,Säter,St,2019-03-24 12:20:00.000,2019-03-24 12:33:00.000,2019-03-24 09:05:00.000,2019-03-24 08:59:00.000,2019-03-24 12:13:00.000,2019-03-24 08:59:00.000,7.0,0.0,13,6.0,-7.0,-201.0,-208.0,-7.0,Acm,Blg,St
6732.0,2019-03-24,GT,GODS,Passage,Passage,0,-,0,-,6,Fs,Blg,Säter,St,Gustafs,Gtf,2019-03-24 12:33:00.000,2019-03-24 12:41:00.000,2019-03-24 09:12:00.000,2019-03-24 09:05:00.000,2019-03-24 12:33:00.000,2019-03-24 09:05:00.000,0.0,0.0,8,7.0,-1.0,-208.0,-209.0,0.0,Acm,Blg,Gtf
6732.0,2019-03-24,GT,GODS,Passage,Passage,0,-,0,-,7,Fs,Blg,Gustafs,Gtf,Stora Tuna,Sau,2019-03-24 12:41:00.000,2019-03-24 12:45:00.000,2019-03-24 09:16:00.000,2019-03-24 09:12:00.000,2019-03-24 12:41:00.000,2019-03-24 09:12:00.000,0.0,0.0,4,4.0,0.0,-209.0,-209.0,0.0,Acm,Blg,Sau
6732.0,2019-03-24,GT,GODS,Passage,Sista,0,-,20,Vagnavkoppling av godsvagnar,8,Fs,Blg,Stora Tuna,Sau,Borlänge c,Blg,2019-03-24 12:45:00.000,2019-03-24 12:52:00.000,2019-03-24 09:22:00.000,2019-03-24 09:16:00.000,2019-03-24 12:45:00.000,2019-03-24 09:16:00.000,0.0,0.0,7,6.0,-1.0,-209.0,-210.0,0.0,Acm,Blg,Blg
6734.0,2019-03-01,GT,GODS,Första,Passage,2,Vagntillkoppling av godsvagnar,0,-,1,Avky,Blg,Avesta Krylbo,Avky,Avesta Centrum,Acm,2019-03-01 11:04:00.000,2019-03-01 11:11:00.000,2019-03-01 09:45:00.000,,,,,,7,,,,-86.0,,Acm,Blg,Acm
6734.0,2019-03-01,GT,GODS,Passage,Passage,0,-,0,-,2,Avky,Blg,Avesta Centrum,Acm,Snickarbo,Snb,2019-03-01 11:11:00.000,2019-03-01 11:16:00.000,2019-03-01 09:50:00.000,,2019-03-01 11:11:00.000,2019-03-01 09:45:00.000,0.0,,5,,,,-86.0,,Acm,Blg,Snb
6734.0,2019-03-01,GT,GODS,Passage,Passage,0,-,0,-,3,Avky,Blg,Snickarbo,Snb,Hedemora,Hdm,2019-03-01 11:16:00.000,2019-03-01 11:24:00.000,2019-03-01 09:58:00.000,,2019-03-01 11:16:00.000,2019-03-01 09:50:00.000,0.0,,8,,,,-86.0,,Acm,Blg,Hdm
6734.0,2019-03-01,GT,GODS,Passage,Passage,0,-,0,-,4,Avky,Blg,Hedemora,Hdm,Vikmanshyttan,Vhy,2019-03-01 11:24:00.000,2019-03-01 11:30:00.000,2019-03-01 10:04:00.000,,2019-03-01 11:24:00.000,2019-03-01 09:58:00.000,0.0,,6,,,,-86.0,,Acm,Blg,Vhy
6734.0,2019-03-01,GT,GODS,Passage,Passage,0,-,0,-,5,Avky,Blg,Vikmanshyttan,Vhy,Säter,St,2019-03-01 11:30:00.000,2019-03-01 11:38:00.000,2019-03-01 10:12:00.000,,2019-03-01 11:30:00.000,2019-03-01 10:04:00.000,0.0,,8,,,,-86.0,,Acm,Blg,St
6734.0,2019-03-01,GT,GODS,Passage,Uppehåll,0,-,0,-,6,Avky,Blg,Säter,St,Gustafs,Gtf,2019-03-01 11:38:00.000,2019-03-01 11:47:00.000,2019-03-01 10:21:00.000,,2019-03-01 11:38:00.000,2019-03-01 10:12:00.000,0.0,,9,,,,-86.0,,Acm,Blg,Gtf
6734.0,2019-03-01,GT,GODS,Uppehåll,Uppehåll,0,-,0,-,7,Avky,Blg,Gustafs,Gtf,Stora Tuna,Sau,2019-03-01 12:06:00.000,2019-03-01 12:14:00.000,2019-03-01 10:48:00.000,,2019-03-01 11:47:00.000,2019-03-01 10:21:00.000,19.0,,8,,,,-86.0,,Acm,Blg,Sau
6734.0,2019-03-01,GT,GODS,Uppehåll,Sista,0,-,20,Vagnavkoppling av godsvagnar,8,Avky,Blg,Stora Tuna,Sau,Borlänge c,Blg,2019-03-01 12:19:00.000,2019-03-01 12:28:00.000,2019-03-01 11:02:00.000,,2019-03-01 12:14:00.000,2019-03-01 10:48:00.000,5.0,,9,,,,-86.0,,Acm,Blg,Blg
6734.0,2019-03-04,GT,GODS,Första,Passage,2,Vagntillkoppling av godsvagnar,0,-,1,Avky,Blg,Avesta Krylbo,Avky,Avesta Centrum,Acm,2019-03-04 11:04:00.000,2019-03-04 11:11:00.000,2019-03-04 11:11:00.000,2019-03-04 11:04:00.000,,,,,7,7.0,0.0,0.0,0.0,,Acm,Blg,Acm
6734.0,2019-03-04,GT,GODS,Passage,Passage,0,-,0,-,2,Avky,Blg,Avesta Centrum,Acm,Snickarbo,Snb,2019-03-04 11:11:00.000,2019-03-04 11:16:00.000,2019-03-04 11:16:00.000,,2019-03-04 11:11:00.000,2019-03-04 11:11:00.000,0.0,,5,,,,0.0,,Acm,Blg,Snb
6734.0,2019-03-04,GT,GODS,Passage,Passage,0,-,0,-,3,Avky,Blg,Snickarbo,Snb,Hedemora,Hdm,2019-03-04 11:16:00.000,2019-03-04 11:24:00.000,2019-03-04 11:53:00.000,2019-03-04 11:16:00.000,2019-03-04 11:16:00.000,2019-03-04 11:16:00.000,0.0,0.0,8,37.0,29.0,0.0,29.0,0.0,Acm,Blg,Hdm
6734.0,2019-03-04,GT,GODS,Passage,Passage,0,-,0,-,4,Avky,Blg,Hedemora,Hdm,Vikmanshyttan,Vhy,2019-03-04 11:24:00.000,2019-03-04 11:30:00.000,2019-03-04 11:59:00.000,2019-03-04 11:53:00.000,2019-03-04 11:24:00.000,2019-03-04 11:53:00.000,0.0,0.0,6,6.0,0.0,29.0,29.0,0.0,Acm,Blg,Vhy
6734.0,2019-03-04,GT,GODS,Passage,Passage,0,-,0,-,5,Avky,Blg,Vikmanshyttan,Vhy,Säter,St,2019-03-04 11:30:00.000,2019-03-04 11:38:00.000,2019-03-04 12:05:00.000,2019-03-04 11:59:00.000,2019-03-04 11:30:00.000,2019-03-04 11:59:00.000,0.0,0.0,8,6.0,-2.0,29.0,27.0,0.0,Acm,Blg,St
6734.0,2019-03-04,GT,GODS,Passage,Uppehåll,0,-,0,-,6,Avky,Blg,Säter,St,Gustafs,Gtf,2019-03-04 11:38:00.000,2019-03-04 11:47:00.000,2019-03-04 12:12:00.000,2019-03-04 12:05:00.000,2019-03-04 11:38:00.000,2019-03-04 12:05:00.000,0.0,0.0,9,7.0,-2.0,27.0,25.0,0.0,Acm,Blg,Gtf
6734.0,2019-03-04,GT,GODS,Uppehåll,Uppehåll,0,-,0,-,7,Avky,Blg,Gustafs,Gtf,Stora Tuna,Sau,2019-03-04 12:06:00.000,2019-03-04 12:14:00.000,2019-03-04 12:17:00.000,2019-03-04 12:13:00.000,2019-03-04 11:47:00.000,2019-03-04 12:12:00.000,19.0,1.0,8,4.0,-4.0,7.0,3.0,-18.0,Acm,Blg,Sau
6734.0,2019-03-04,GT,GODS,Uppehåll,Sista,0,-,20,Vagnavkoppling av godsvagnar,8,Avky,Blg,Stora Tuna,Sau,Borlänge c,Blg,2019-03-04 12:19:00.000,2019-03-04 12:28:00.000,2019-03-04 12:23:00.000,2019-03-04 12:17:00.000,2019-03-04 12:14:00.000,2019-03-04 12:17:00.000,5.0,0.0,9,6.0,-3.0,-2.0,-5.0,-5.0,Acm,Blg,Blg
6734.0,2019-03-06,GT,GODS,Första,Passage,2,Vagntillkoppling av godsvagnar,0,-,1,Avky,Blg,Avesta Krylbo,Avky,Avesta Centrum,Acm,2019-03-06 11:04:00.000,2019-03-06 11:11:00.000,2019-03-06 12:40:00.000,2019-03-06 12:33:00.000,,,,,7,7.0,0.0,89.0,89.0,,Acm,Blg,Acm
6734.0,2019-03-06,GT,GODS,Passage,Passage,0,-,0,-,2,Avky,Blg,Avesta Centrum,Acm,Snickarbo,Snb,2019-03-06 11:11:00.000,2019-03-06 11:16:00.000,2019-03-06 12:45:00.000,,2019-03-06 11:11:00.000,2019-03-06 12:40:00.000,0.0,,5,,,,89.0,,Acm,Blg,Snb
6734.0,2019-03-06,GT,GODS,Passage,Passage,0,-,0,-,3,Avky,Blg,Snickarbo,Snb,Hedemora,Hdm,2019-03-06 11:16:00.000,2019-03-06 11:24:00.000,2019-03-06 12:53:00.000,2019-03-06 12:45:00.000,2019-03-06 11:16:00.000,2019-03-06 12:45:00.000,0.0,0.0,8,8.0,0.0,89.0,89.0,0.0,Acm,Blg,Hdm
6734.0,2019-03-06,GT,GODS,Passage,Passage,0,-,0,-,4,Avky,Blg,Hedemora,Hdm,Vikmanshyttan,Vhy,2019-03-06 11:24:00.000,2019-03-06 11:30:00.000,2019-03-06 12:58:00.000,2019-03-06 12:53:00.000,2019-03-06 11:24:00.000,2019-03-06 12:53:00.000,0.0,0.0,6,5.0,-1.0,89.0,88.0,0.0,Acm,Blg,Vhy
6734.0,2019-03-06,GT,GODS,Passage,Passage,0,-,0,-,5,Avky,Blg,Vikmanshyttan,Vhy,Säter,St,2019-03-06 11:30:00.000,2019-03-06 11:38:00.000,2019-03-06 13:04:00.000,2019-03-06 12:58:00.000,2019-03-06 11:30:00.000,2019-03-06 12:58:00.000,0.0,0.0,8,6.0,-2.0,88.0,86.0,0.0,Acm,Blg,St
6734.0,2019-03-06,GT,GODS,Passage,Uppehåll,0,-,0,-,6,Avky,Blg,Säter,St,Gustafs,Gtf,2019-03-06 11:38:00.000,2019-03-06 11:47:00.000,2019-03-06 13:12:00.000,2019-03-06 13:04:00.000,2019-03-06 11:38:00.000,2019-03-06 13:04:00.000,0.0,0.0,9,8.0,-1.0,86.0,85.0,0.0,Acm,Blg,Gtf
6734.0,2019-03-06,GT,GODS,Uppehåll,Uppehåll,0,-,0,-,7,Avky,Blg,Gustafs,Gtf,Stora Tuna,Sau,2019-03-06 12:06:00.000,2019-03-06 12:14:00.000,2019-03-06 13:16:00.000,2019-03-06 13:12:00.000,2019-03-06 11:47:00.000,2019-03-06 13:12:00.000,19.0,0.0,8,4.0,-4.0,66.0,62.0,-19.0,Acm,Blg,Sau
6734.0,2019-03-06,GT,GODS,Uppehåll,Sista,0,-,20,Vagnavkoppling av godsvagnar,8,Avky,Blg,Stora Tuna,Sau,Borlänge c,Blg,2019-03-06 12:19:00.000,2019-03-06 12:28:00.000,2019-03-06 13:22:00.000,2019-03-06 13:16:00.000,2019-03-06 12:14:00.000,2019-03-06 13:16:00.000,5.0,0.0,9,6.0,-3.0,57.0,54.0,-5.0,Acm,Blg,Blg
6734.0,2019-03-07,GT,GODS,Första,Passage,2,Vagntillkoppling av godsvagnar,0,-,1,Avky,Blg,Avesta Krylbo,Avky,Avesta Centrum,Acm,2019-03-07 11:04:00.000,2019-03-07 11:11:00.000,2019-03-07 11:10:00.000,2019-03-07 11:04:00.000,,,,,7,6.0,-1.0,0.0,-1.0,,Acm,Blg,Acm
6734.0,2019-03-07,GT,GODS,Passage,Passage,0,-,0,-,2,Avky,Blg,Avesta Centrum,Acm,Snickarbo,Snb,2019-03-07 11:11:00.000,2019-03-07 11:16:00.000,2019-03-07 11:15:00.000,,2019-03-07 11:11:00.000,2019-03-07 11:10:00.000,0.0,,5,,,,-1.0,,Acm,Blg,Snb
6734.0,2019-03-07,GT,GODS,Passage,Passage,0,-,0,-,3,Avky,Blg,Snickarbo,Snb,Hedemora,Hdm,2019-03-07 11:16:00.000,2019-03-07 11:24:00.000,2019-03-07 11:23:00.000,2019-03-07 11:15:00.000,2019-03-07 11:16:00.000,2019-03-07 11:15:00.000,0.0,0.0,8,8.0,0.0,-1.0,-1.0,0.0,Acm,Blg,Hdm
6734.0,2019-03-07,GT,GODS,Passage,Passage,0,-,0,-,4,Avky,Blg,Hedemora,Hdm,Vikmanshyttan,Vhy,2019-03-07 11:24:00.000,2019-03-07 11:30:00.000,2019-03-07 11:28:00.000,2019-03-07 11:23:00.000,2019-03-07 11:24:00.000,2019-03-07 11:23:00.000,0.0,0.0,6,5.0,-1.0,-1.0,-2.0,0.0,Acm,Blg,Vhy
6734.0,2019-03-07,GT,GODS,Passage,Passage,0,-,0,-,5,Avky,Blg,Vikmanshyttan,Vhy,Säter,St,2019-03-07 11:30:00.000,2019-03-07 11:38:00.000,2019-03-07 11:34:00.000,2019-03-07 11:28:00.000,2019-03-07 11:30:00.000,2019-03-07 11:28:00.000,0.0,0.0,8,6.0,-2.0,-2.0,-4.0,0.0,Acm,Blg,St
6734.0,2019-03-07,GT,GODS,Passage,Uppehåll,0,-,0,-,6,Avky,Blg,Säter,St,Gustafs,Gtf,2019-03-07 11:38:00.000,2019-03-07 11:47:00.000,2019-03-07 11:41:00.000,2019-03-07 11:34:00.000,2019-03-07 11:38:00.000,2019-03-07 11:34:00.000,0.0,0.0,9,7.0,-2.0,-4.0,-6.0,0.0,Acm,Blg,Gtf
6734.0,2019-03-07,GT,GODS,Uppehåll,Uppehåll,0,-,0,-,7,Avky,Blg,Gustafs,Gtf,Stora Tuna,Sau,2019-03-07 12:06:00.000,2019-03-07 12:14:00.000,2019-03-07 11:45:00.000,2019-03-07 11:41:00.000,2019-03-07 11:47:00.000,2019-03-07 11:41:00.000,19.0,0.0,8,4.0,-4.0,-25.0,-29.0,-19.0,Acm,Blg,Sau
6734.0,2019-03-07,GT,GODS,Uppehåll,Sista,0,-,20,Vagnavkoppling av godsvagnar,8,Avky,Blg,Stora Tuna,Sau,Borlänge c,Blg,2019-03-07 12:19:00.000,2019-03-07 12:28:00.000,2019-03-07 11:51:00.000,2019-03-07 11:45:00.000,2019-03-07 12:14:00.000,2019-03-07 11:45:00.000,5.0,0.0,9,6.0,-3.0,-34.0,-37.0,-5.0,Acm,Blg,Blg
6734.0,2019-03-08,GT,GODS,Första,Passage,2,Vagntillkoppling av godsvagnar,0,-,1,Avky,Blg,Avesta Krylbo,Avky,Avesta Centrum,Acm,2019-03-08 11:04:00.000,2019-03-08 11:11:00.000,2019-03-08 11:38:00.000,2019-03-08 11:28:00.000,,,,,7,10.0,3.0,24.0,27.0,,Acm,Blg,Acm
6734.0,2019-03-08,GT,GODS,Passage,Passage,0,-,0,-,2,Avky,Blg,Avesta Centrum,Acm,Snickarbo,Snb,2019-03-08 11:11:00.000,2019-03-08 11:16:00.000,2019-03-08 11:43:00.000,,2019-03-08 11:11:00.000,2019-03-08 11:38:00.000,0.0,,5,,,,27.0,,Acm,Blg,Snb
6734.0,2019-03-08,GT,GODS,Passage,Passage,0,-,0,-,3,Avky,Blg,Snickarbo,Snb,Hedemora,Hdm,2019-03-08 11:16:00.000,2019-03-08 11:24:00.000,2019-03-08 11:53:00.000,2019-03-08 11:43:00.000,2019-03-08 11:16:00.000,2019-03-08 11:43:00.000,0.0,0.0,8,10.0,2.0,27.0,29.0,0.0,Acm,Blg,Hdm
6734.0,2019-03-08,GT,GODS,Passage,Passage,0,-,0,-,4,Avky,Blg,Hedemora,Hdm,Vikmanshyttan,Vhy,2019-03-08 11:24:00.000,2019-03-08 11:30:00.000,2019-03-08 11:58:00.000,2019-03-08 11:53:00.000,2019-03-08 11:24:00.000,2019-03-08 11:53:00.000,0.0,0.0,6,5.0,-1.0,29.0,28.0,0.0,Acm,Blg,Vhy
6734.0,2019-03-08,GT,GODS,Passage,Passage,0,-,0,-,5,Avky,Blg,Vikmanshyttan,Vhy,Säter,St,2019-03-08 11:30:00.000,2019-03-08 11:38:00.000,2019-03-08 12:05:00.000,2019-03-08 11:58:00.000,2019-03-08 11:30:00.000,2019-03-08 11:58:00.000,0.0,0.0,8,7.0,-1.0,28.0,27.0,0.0,Acm,Blg,St
6734.0,2019-03-08,GT,GODS,Passage,Uppehåll,0,-,0,-,6,Avky,Blg,Säter,St,Gustafs,Gtf,2019-03-08 11:38:00.000,2019-03-08 11:47:00.000,2019-03-08 12:13:00.000,2019-03-08 12:05:00.000,2019-03-08 11:38:00.000,2019-03-08 12:05:00.000,0.0,0.0,9,8.0,-1.0,27.0,26.0,0.0,Acm,Blg,Gtf
6734.0,2019-03-08,GT,GODS,Uppehåll,Uppehåll,0,-,0,-,7,Avky,Blg,Gustafs,Gtf,Stora Tuna,Sau,2019-03-08 12:06:00.000,2019-03-08 12:14:00.000,2019-03-08 12:17:00.000,2019-03-08 12:13:00.000,2019-03-08 11:47:00.000,2019-03-08 12:13:00.000,19.0,0.0,8,4.0,-4.0,7.0,3.0,-19.0,Acm,Blg,Sau
6734.0,2019-03-08,GT,GODS,Uppehåll,Sista,0,-,20,Vagnavkoppling av godsvagnar,8,Avky,Blg,Stora Tuna,Sau,Borlänge c,Blg,2019-03-08 12:19:00.000,2019-03-08 12:28:00.000,2019-03-08 12:23:00.000,2019-03-08 12:17:00.000,2019-03-08 12:14:00.000,2019-03-08 12:17:00.000,5.0,0.0,9,6.0,-3.0,-2.0,-5.0,-5.0,Acm,Blg,Blg
6734.0,2019-03-11,GT,GODS,Första,Passage,2,Vagntillkoppling av godsvagnar,0,-,1,Avky,Blg,Avesta Krylbo,Avky,Avesta Centrum,Acm,2019-03-11 11:04:00.000,2019-03-11 11:11:00.000,2019-03-11 10:42:00.000,2019-03-11 10:36:00.000,,,,,7,6.0,-1.0,-28.0,-29.0,,Acm,Blg,Acm
6734.0,2019-03-11,GT,GODS,Passage,Passage,0,-,0,-,2,Avky,Blg,Avesta Centrum,Acm,Snickarbo,Snb,2019-03-11 11:11:00.000,2019-03-11 11:16:00.000,2019-03-11 10:47:00.000,,2019-03-11 11:11:00.000,2019-03-11 10:42:00.000,0.0,,5,,,,-29.0,,Acm,Blg,Snb
6734.0,2019-03-11,GT,GODS,Passage,Passage,0,-,0,-,3,Avky,Blg,Snickarbo,Snb,Hedemora,Hdm,2019-03-11 11:16:00.000,2019-03-11 11:24:00.000,2019-03-11 10:55:00.000,2019-03-11 10:47:00.000,2019-03-11 11:16:00.000,2019-03-11 10:47:00.000,0.0,0.0,8,8.0,0.0,-29.0,-29.0,0.0,Acm,Blg,Hdm
6734.0,2019-03-11,GT,GODS,Passage,Passage,0,-,0,-,4,Avky,Blg,Hedemora,Hdm,Vikmanshyttan,Vhy,2019-03-11 11:24:00.000,2019-03-11 11:30:00.000,2019-03-11 11:00:00.000,2019-03-11 10:55:00.000,2019-03-11 11:24:00.000,2019-03-11 10:55:00.000,0.0,0.0,6,5.0,-1.0,-29.0,-30.0,0.0,Acm,Blg,Vhy
6734.0,2019-03-11,GT,GODS,Passage,Passage,0,-,0,-,5,Avky,Blg,Vikmanshyttan,Vhy,Säter,St,2019-03-11 11:30:00.000,2019-03-11 11:38:00.000,2019-03-11 11:12:00.000,2019-03-11 11:00:00.000,2019-03-11 11:30:00.000,2019-03-11 11:00:00.000,0.0,0.0,8,12.0,4.0,-30.0,-26.0,0.0,Acm,Blg,St
6734.0,2019-03-11,GT,GODS,Passage,Uppehåll,0,-,0,-,6,Avky,Blg,Säter,St,Gustafs,Gtf,2019-03-11 11:38:00.000,2019-03-11 11:47:00.000,2019-03-11 11:20:00.000,2019-03-11 11:12:00.000,2019-03-11 11:38:00.000,2019-03-11 11:12:00.000,0.0,0.0,9,8.0,-1.0,-26.0,-27.0,0.0,Acm,Blg,Gtf
6734.0,2019-03-11,GT,GODS,Uppehåll,Uppehåll,0,-,0,-,7,Avky,Blg,Gustafs,Gtf,Stora Tuna,Sau,2019-03-11 12:06:00.000,2019-03-11 12:14:00.000,2019-03-11 11:24:00.000,2019-03-11 11:20:00.000,2019-03-11 11:47:00.000,2019-03-11 11:20:00.000,19.0,0.0,8,4.0,-4.0,-46.0,-50.0,-19.0,Acm,Blg,Sau
6734.0,2019-03-11,GT,GODS,Uppehåll,Sista,0,-,20,Vagnavkoppling av godsvagnar,8,Avky,Blg,Stora Tuna,Sau,Borlänge c,Blg,2019-03-11 12:19:00.000,2019-03-11 12:28:00.000,2019-03-11 11:30:00.000,2019-03-11 11:24:00.000,2019-03-11 12:14:00.000,2019-03-11 11:24:00.000,5.0,0.0,9,6.0,-3.0,-55.0,-58.0,-5.0,Acm,Blg,Blg
6734.0,2019-03-13,GT,GODS,Första,Passage,2,Vagntillkoppling av godsvagnar,0,-,1,Avky,Blg,Avesta Krylbo,Avky,Avesta Centrum,Acm,2019-03-13 11:04:00.000,2019-03-13 11:11:00.000,2019-03-13 11:04:00.000,2019-03-13 10:51:00.000,,,,,7,13.0,6.0,-13.0,-7.0,,Acm,Blg,Acm
6734.0,2019-03-13,GT,GODS,Passage,Passage,0,-,0,-,2,Avky,Blg,Avesta Centrum,Acm,Snickarbo,Snb,2019-03-13 11:11:00.000,2019-03-13 11:16:00.000,2019-03-13 11:09:00.000,,2019-03-13 11:11:00.000,2019-03-13 11:04:00.000,0.0,,5,,,,-7.0,,Acm,Blg,Snb
6734.0,2019-03-13,GT,GODS,Passage,Passage,0,-,0,-,3,Avky,Blg,Snickarbo,Snb,Hedemora,Hdm,2019-03-13 11:16:00.000,2019-03-13 11:24:00.000,2019-03-13 11:19:00.000,2019-03-13 11:09:00.000,2019-03-13 11:16:00.000,2019-03-13 11:09:00.000,0.0,0.0,8,10.0,2.0,-7.0,-5.0,0.0,Acm,Blg,Hdm
6734.0,2019-03-13,GT,GODS,Passage,Passage,0,-,0,-,4,Avky,Blg,Hedemora,Hdm,Vikmanshyttan,Vhy,2019-03-13 11:24:00.000,2019-03-13 11:30:00.000,2019-03-13 11:23:00.000,2019-03-13 11:19:00.000,2019-03-13 11:24:00.000,2019-03-13 11:19:00.000,0.0,0.0,6,4.0,-2.0,-5.0,-7.0,0.0,Acm,Blg,Vhy
6734.0,2019-03-13,GT,GODS,Passage,Passage,0,-,0,-,5,Avky,Blg,Vikmanshyttan,Vhy,Säter,St,2019-03-13 11:30:00.000,2019-03-13 11:38:00.000,2019-03-13 11:30:00.000,2019-03-13 11:23:00.000,2019-03-13 11:30:00.000,2019-03-13 11:23:00.000,0.0,0.0,8,7.0,-1.0,-7.0,-8.0,0.0,Acm,Blg,St
6734.0,2019-03-13,GT,GODS,Passage,Uppehåll,0,-,0,-,6,Avky,Blg,Säter,St,Gustafs,Gtf,2019-03-13 11:38:00.000,2019-03-13 11:47:00.000,2019-03-13 11:37:00.000,2019-03-13 11:30:00.000,2019-03-13 11:38:00.000,2019-03-13 11:30:00.000,0.0,0.0,9,7.0,-2.0,-8.0,-10.0,0.0,Acm,Blg,Gtf
6734.0,2019-03-13,GT,GODS,Uppehåll,Uppehåll,0,-,0,-,7,Avky,Blg,Gustafs,Gtf,Stora Tuna,Sau,2019-03-13 12:06:00.000,2019-03-13 12:14:00.000,2019-03-13 11:41:00.000,2019-03-13 11:37:00.000,2019-03-13 11:47:00.000,2019-03-13 11:37:00.000,19.0,0.0,8,4.0,-4.0,-29.0,-33.0,-19.0,Acm,Blg,Sau
6734.0,2019-03-13,GT,GODS,Uppehåll,Sista,0,-,20,Vagnavkoppling av godsvagnar,8,Avky,Blg,Stora Tuna,Sau,Borlänge c,Blg,2019-03-13 12:19:00.000,2019-03-13 12:28:00.000,2019-03-13 11:48:00.000,2019-03-13 11:41:00.000,2019-03-13 12:14:00.000,2019-03-13 11:41:00.000,5.0,0.0,9,7.0,-2.0,-38.0,-40.0,-5.0,Acm,Blg,Blg
6734.0,2019-03-14,GT,GODS,Första,Passage,2,Vagntillkoppling av godsvagnar,0,-,1,Avky,Blg,Avesta Krylbo,Avky,Avesta Centrum,Acm,2019-03-14 11:04:00.000,2019-03-14 11:11:00.000,2019-03-14 10:51:00.000,2019-03-14 10:44:00.000,,,,,7,7.0,0.0,-20.0,-20.0,,Acm,Blg,Acm
6734.0,2019-03-14,GT,GODS,Passage,Passage,0,-,0,-,2,Avky,Blg,Avesta Centrum,Acm,Snickarbo,Snb,2019-03-14 11:11:00.000,2019-03-14 11:16:00.000,2019-03-14 10:56:00.000,,2019-03-14 11:11:00.000,2019-03-14 10:51:00.000,0.0,,5,,,,-20.0,,Acm,Blg,Snb
6734.0,2019-03-14,GT,GODS,Passage,Passage,0,-,0,-,3,Avky,Blg,Snickarbo,Snb,Hedemora,Hdm,2019-03-14 11:16:00.000,2019-03-14 11:24:00.000,2019-03-14 11:04:00.000,2019-03-14 10:56:00.000,2019-03-14 11:16:00.000,2019-03-14 10:56:00.000,0.0,0.0,8,8.0,0.0,-20.0,-20.0,0.0,Acm,Blg,Hdm
6734.0,2019-03-14,GT,GODS,Passage,Passage,0,-,0,-,4,Avky,Blg,Hedemora,Hdm,Vikmanshyttan,Vhy,2019-03-14 11:24:00.000,2019-03-14 11:30:00.000,2019-03-14 11:09:00.000,2019-03-14 11:04:00.000,2019-03-14 11:24:00.000,2019-03-14 11:04:00.000,0.0,0.0,6,5.0,-1.0,-20.0,-21.0,0.0,Acm,Blg,Vhy
6734.0,2019-03-14,GT,GODS,Passage,Passage,0,-,0,-,5,Avky,Blg,Vikmanshyttan,Vhy,Säter,St,2019-03-14 11:30:00.000,2019-03-14 11:38:00.000,2019-03-14 11:16:00.000,2019-03-14 11:09:00.000,2019-03-14 11:30:00.000,2019-03-14 11:09:00.000,0.0,0.0,8,7.0,-1.0,-21.0,-22.0,0.0,Acm,Blg,St
6734.0,2019-03-14,GT,GODS,Passage,Uppehåll,0,-,0,-,6,Avky,Blg,Säter,St,Gustafs,Gtf,2019-03-14 11:38:00.000,2019-03-14 11:47:00.000,2019-03-14 11:23:00.000,2019-03-14 11:16:00.000,2019-03-14 11:38:00.000,2019-03-14 11:16:00.000,0.0,0.0,9,7.0,-2.0,-22.0,-24.0,0.0,Acm,Blg,Gtf
6734.0,2019-03-14,GT,GODS,Uppehåll,Uppehåll,0,-,0,-,7,Avky,Blg,Gustafs,Gtf,Stora Tuna,Sau,2019-03-14 12:06:00.000,2019-03-14 12:14:00.000,2019-03-14 11:30:00.000,2019-03-14 11:24:00.000,2019-03-14 11:47:00.000,2019-03-14 11:23:00.000,19.0,1.0,8,6.0,-2.0,-42.0,-44.0,-18.0,Acm,Blg,Sau
6734.0,2019-03-14,GT,GODS,Uppehåll,Sista,0,-,20,Vagnavkoppling av godsvagnar,8,Avky,Blg,Stora Tuna,Sau,Borlänge c,Blg,2019-03-14 12:19:00.000,2019-03-14 12:28:00.000,2019-03-14 11:45:00.000,2019-03-14 11:37:00.000,2019-03-14 12:14:00.000,2019-03-14 11:30:00.000,5.0,7.0,9,8.0,-1.0,-42.0,-43.0,2.0,Acm,Blg,Blg
6734.0,2019-03-15,GT,GODS,Första,Passage,2,Vagntillkoppling av godsvagnar,0,-,1,Avky,Blg,Avesta Krylbo,Avky,Avesta Centrum,Acm,2019-03-15 11:04:00.000,2019-03-15 11:11:00.000,2019-03-15 10:46:00.000,2019-03-15 10:38:00.000,,,,,7,8.0,1.0,-26.0,-25.0,,Acm,Blg,Acm
6734.0,2019-03-15,GT,GODS,Passage,Passage,0,-,0,-,2,Avky,Blg,Avesta Centrum,Acm,Snickarbo,Snb,2019-03-15 11:11:00.000,2019-03-15 11:16:00.000,2019-03-15 10:51:00.000,,2019-03-15 11:11:00.000,2019-03-15 10:46:00.000,0.0,,5,,,,-25.0,,Acm,Blg,Snb
6734.0,2019-03-15,GT,GODS,Passage,Passage,0,-,0,-,3,Avky,Blg,Snickarbo,Snb,Hedemora,Hdm,2019-03-15 11:16:00.000,2019-03-15 11:24:00.000,2019-03-15 11:00:00.000,2019-03-15 10:51:00.000,2019-03-15 11:16:00.000,2019-03-15 10:51:00.000,0.0,0.0,8,9.0,1.0,-25.0,-24.0,0.0,Acm,Blg,Hdm
6734.0,2019-03-15,GT,GODS,Passage,Passage,0,-,0,-,4,Avky,Blg,Hedemora,Hdm,Vikmanshyttan,Vhy,2019-03-15 11:24:00.000,2019-03-15 11:30:00.000,2019-03-15 11:05:00.000,2019-03-15 11:00:00.000,2019-03-15 11:24:00.000,2019-03-15 11:00:00.000,0.0,0.0,6,5.0,-1.0,-24.0,-25.0,0.0,Acm,Blg,Vhy
6734.0,2019-03-15,GT,GODS,Passage,Passage,0,-,0,-,5,Avky,Blg,Vikmanshyttan,Vhy,Säter,St,2019-03-15 11:30:00.000,2019-03-15 11:38:00.000,2019-03-15 11:12:00.000,2019-03-15 11:05:00.000,2019-03-15 11:30:00.000,2019-03-15 11:05:00.000,0.0,0.0,8,7.0,-1.0,-25.0,-26.0,0.0,Acm,Blg,St
6734.0,2019-03-15,GT,GODS,Passage,Uppehåll,0,-,0,-,6,Avky,Blg,Säter,St,Gustafs,Gtf,2019-03-15 11:38:00.000,2019-03-15 11:47:00.000,2019-03-15 11:19:00.000,2019-03-15 11:12:00.000,2019-03-15 11:38:00.000,2019-03-15 11:12:00.000,0.0,0.0,9,7.0,-2.0,-26.0,-28.0,0.0,Acm,Blg,Gtf
6734.0,2019-03-15,GT,GODS,Uppehåll,Uppehåll,0,-,0,-,7,Avky,Blg,Gustafs,Gtf,Stora Tuna,Sau,2019-03-15 12:06:00.000,2019-03-15 12:14:00.000,2019-03-15 11:23:00.000,2019-03-15 11:19:00.000,2019-03-15 11:47:00.000,2019-03-15 11:19:00.000,19.0,0.0,8,4.0,-4.0,-47.0,-51.0,-19.0,Acm,Blg,Sau
6734.0,2019-03-15,GT,GODS,Uppehåll,Sista,0,-,20,Vagnavkoppling av godsvagnar,8,Avky,Blg,Stora Tuna,Sau,Borlänge c,Blg,2019-03-15 12:19:00.000,2019-03-15 12:28:00.000,2019-03-15 11:30:00.000,2019-03-15 11:23:00.000,2019-03-15 12:14:00.000,2019-03-15 11:23:00.000,5.0,0.0,9,7.0,-2.0,-56.0,-58.0,-5.0,Acm,Blg,Blg
6734.0,2019-03-18,GT,GODS,Första,Passage,2,Vagntillkoppling av godsvagnar,0,-,1,Avky,Blg,Avesta Krylbo,Avky,Avesta Centrum,Acm,2019-03-18 11:04:00.000,2019-03-18 11:11:00.000,2019-03-18 11:09:00.000,2019-03-18 11:03:00.000,,,,,7,6.0,-1.0,-1.0,-2.0,,Acm,Blg,Acm
6734.0,2019-03-18,GT,GODS,Passage,Passage,0,-,0,-,2,Avky,Blg,Avesta Centrum,Acm,Snickarbo,Snb,2019-03-18 11:11:00.000,2019-03-18 11:16:00.000,2019-03-18 11:14:00.000,,2019-03-18 11:11:00.000,2019-03-18 11:09:00.000,0.0,,5,,,,-2.0,,Acm,Blg,Snb
6734.0,2019-03-18,GT,GODS,Passage,Passage,0,-,0,-,3,Avky,Blg,Snickarbo,Snb,Hedemora,Hdm,2019-03-18 11:16:00.000,2019-03-18 11:24:00.000,2019-03-18 11:22:00.000,2019-03-18 11:14:00.000,2019-03-18 11:16:00.000,2019-03-18 11:14:00.000,0.0,0.0,8,8.0,0.0,-2.0,-2.0,0.0,Acm,Blg,Hdm
6734.0,2019-03-18,GT,GODS,Passage,Passage,0,-,0,-,4,Avky,Blg,Hedemora,Hdm,Vikmanshyttan,Vhy,2019-03-18 11:24:00.000,2019-03-18 11:30:00.000,2019-03-18 11:27:00.000,2019-03-18 11:22:00.000,2019-03-18 11:24:00.000,2019-03-18 11:22:00.000,0.0,0.0,6,5.0,-1.0,-2.0,-3.0,0.0,Acm,Blg,Vhy
6734.0,2019-03-18,GT,GODS,Passage,Passage,0,-,0,-,5,Avky,Blg,Vikmanshyttan,Vhy,Säter,St,2019-03-18 11:30:00.000,2019-03-18 11:38:00.000,2019-03-18 11:33:00.000,2019-03-18 11:27:00.000,2019-03-18 11:30:00.000,2019-03-18 11:27:00.000,0.0,0.0,8,6.0,-2.0,-3.0,-5.0,0.0,Acm,Blg,St
6734.0,2019-03-18,GT,GODS,Passage,Uppehåll,0,-,0,-,6,Avky,Blg,Säter,St,Gustafs,Gtf,2019-03-18 11:38:00.000,2019-03-18 11:47:00.000,2019-03-18 11:41:00.000,2019-03-18 11:33:00.000,2019-03-18 11:38:00.000,2019-03-18 11:33:00.000,0.0,0.0,9,8.0,-1.0,-5.0,-6.0,0.0,Acm,Blg,Gtf
6734.0,2019-03-18,GT,GODS,Uppehåll,Uppehåll,0,-,0,-,7,Avky,Blg,Gustafs,Gtf,Stora Tuna,Sau,2019-03-18 12:06:00.000,2019-03-18 12:14:00.000,2019-03-18 11:45:00.000,2019-03-18 11:41:00.000,2019-03-18 11:47:00.000,2019-03-18 11:41:00.000,19.0,0.0,8,4.0,-4.0,-25.0,-29.0,-19.0,Acm,Blg,Sau
6734.0,2019-03-18,GT,GODS,Uppehåll,Sista,0,-,20,Vagnavkoppling av godsvagnar,8,Avky,Blg,Stora Tuna,Sau,Borlänge c,Blg,2019-03-18 12:19:00.000,2019-03-18 12:28:00.000,2019-03-18 11:51:00.000,2019-03-18 11:45:00.000,2019-03-18 12:14:00.000,2019-03-18 11:45:00.000,5.0,0.0,9,6.0,-3.0,-34.0,-37.0,-5.0,Acm,Blg,Blg
6734.0,2019-03-20,GT,GODS,Första,Passage,2,Vagntillkoppling av godsvagnar,0,-,1,Avky,Blg,Avesta Krylbo,Avky,Avesta Centrum,Acm,2019-03-20 11:04:00.000,2019-03-20 11:11:00.000,2019-03-20 10:25:00.000,2019-03-20 10:07:00.000,,,,,7,18.0,11.0,-57.0,-46.0,,Acm,Blg,Acm
6734.0,2019-03-20,GT,GODS,Passage,Passage,0,-,0,-,2,Avky,Blg,Avesta Centrum,Acm,Snickarbo,Snb,2019-03-20 11:11:00.000,2019-03-20 11:16:00.000,2019-03-20 10:30:00.000,,2019-03-20 11:11:00.000,2019-03-20 10:25:00.000,0.0,,5,,,,-46.0,,Acm,Blg,Snb
6734.0,2019-03-20,GT,GODS,Passage,Passage,0,-,0,-,3,Avky,Blg,Snickarbo,Snb,Hedemora,Hdm,2019-03-20 11:16:00.000,2019-03-20 11:24:00.000,2019-03-20 10:54:00.000,2019-03-20 10:30:00.000,2019-03-20 11:16:00.000,2019-03-20 10:30:00.000,0.0,0.0,8,24.0,16.0,-46.0,-30.0,0.0,Acm,Blg,Hdm
6734.0,2019-03-20,GT,GODS,Passage,Passage,0,-,0,-,4,Avky,Blg,Hedemora,Hdm,Vikmanshyttan,Vhy,2019-03-20 11:24:00.000,2019-03-20 11:30:00.000,2019-03-20 11:00:00.000,2019-03-20 10:54:00.000,2019-03-20 11:24:00.000,2019-03-20 10:54:00.000,0.0,0.0,6,6.0,0.0,-30.0,-30.0,0.0,Acm,Blg,Vhy
6734.0,2019-03-20,GT,GODS,Passage,Passage,0,-,0,-,5,Avky,Blg,Vikmanshyttan,Vhy,Säter,St,2019-03-20 11:30:00.000,2019-03-20 11:38:00.000,2019-03-20 11:06:00.000,2019-03-20 11:00:00.000,2019-03-20 11:30:00.000,2019-03-20 11:00:00.000,0.0,0.0,8,6.0,-2.0,-30.0,-32.0,0.0,Acm,Blg,St
6734.0,2019-03-20,GT,GODS,Passage,Uppehåll,0,-,0,-,6,Avky,Blg,Säter,St,Gustafs,Gtf,2019-03-20 11:38:00.000,2019-03-20 11:47:00.000,2019-03-20 11:13:00.000,2019-03-20 11:06:00.000,2019-03-20 11:38:00.000,2019-03-20 11:06:00.000,0.0,0.0,9,7.0,-2.0,-32.0,-34.0,0.0,Acm,Blg,Gtf
6734.0,2019-03-20,GT,GODS,Uppehåll,Uppehåll,0,-,0,-,7,Avky,Blg,Gustafs,Gtf,Stora Tuna,Sau,2019-03-20 12:06:00.000,2019-03-20 12:14:00.000,2019-03-20 11:18:00.000,2019-03-20 11:13:00.000,2019-03-20 11:47:00.000,2019-03-20 11:13:00.000,19.0,0.0,8,5.0,-3.0,-53.0,-56.0,-19.0,Acm,Blg,Sau
6734.0,2019-03-20,GT,GODS,Uppehåll,Sista,0,-,20,Vagnavkoppling av godsvagnar,8,Avky,Blg,Stora Tuna,Sau,Borlänge c,Blg,2019-03-20 12:19:00.000,2019-03-20 12:28:00.000,2019-03-20 11:23:00.000,2019-03-20 11:18:00.000,2019-03-20 12:14:00.000,2019-03-20 11:18:00.000,5.0,0.0,9,5.0,-4.0,-61.0,-65.0,-5.0,Acm,Blg,Blg
6734.0,2019-03-21,GT,GODS,Första,Passage,2,Vagntillkoppling av godsvagnar,0,-,1,Avky,Blg,Avesta Krylbo,Avky,Avesta Centrum,Acm,2019-03-21 11:04:00.000,2019-03-21 11:11:00.000,2019-03-21 10:29:00.000,2019-03-21 10:08:00.000,,,,,7,21.0,14.0,-56.0,-42.0,,Acm,Blg,Acm
6734.0,2019-03-21,GT,GODS,Passage,Passage,0,-,0,-,2,Avky,Blg,Avesta Centrum,Acm,Snickarbo,Snb,2019-03-21 11:11:00.000,2019-03-21 11:16:00.000,2019-03-21 10:34:00.000,,2019-03-21 11:11:00.000,2019-03-21 10:29:00.000,0.0,,5,,,,-42.0,,Acm,Blg,Snb
6734.0,2019-03-21,GT,GODS,Passage,Passage,0,-,0,-,3,Avky,Blg,Snickarbo,Snb,Hedemora,Hdm,2019-03-21 11:16:00.000,2019-03-21 11:24:00.000,2019-03-21 10:56:00.000,2019-03-21 10:34:00.000,2019-03-21 11:16:00.000,2019-03-21 10:34:00.000,0.0,0.0,8,22.0,14.0,-42.0,-28.0,0.0,Acm,Blg,Hdm
6734.0,2019-03-21,GT,GODS,Passage,Passage,0,-,0,-,4,Avky,Blg,Hedemora,Hdm,Vikmanshyttan,Vhy,2019-03-21 11:24:00.000,2019-03-21 11:30:00.000,2019-03-21 11:02:00.000,2019-03-21 10:56:00.000,2019-03-21 11:24:00.000,2019-03-21 10:56:00.000,0.0,0.0,6,6.0,0.0,-28.0,-28.0,0.0,Acm,Blg,Vhy
6734.0,2019-03-21,GT,GODS,Passage,Passage,0,-,0,-,5,Avky,Blg,Vikmanshyttan,Vhy,Säter,St,2019-03-21 11:30:00.000,2019-03-21 11:38:00.000,2019-03-21 11:08:00.000,2019-03-21 11:02:00.000,2019-03-21 11:30:00.000,2019-03-21 11:02:00.000,0.0,0.0,8,6.0,-2.0,-28.0,-30.0,0.0,Acm,Blg,St
6734.0,2019-03-21,GT,GODS,Passage,Uppehåll,0,-,0,-,6,Avky,Blg,Säter,St,Gustafs,Gtf,2019-03-21 11:38:00.000,2019-03-21 11:47:00.000,2019-03-21 11:15:00.000,2019-03-21 11:08:00.000,2019-03-21 11:38:00.000,2019-03-21 11:08:00.000,0.0,0.0,9,7.0,-2.0,-30.0,-32.0,0.0,Acm,Blg,Gtf
6734.0,2019-03-21,GT,GODS,Uppehåll,Uppehåll,0,-,0,-,7,Avky,Blg,Gustafs,Gtf,Stora Tuna,Sau,2019-03-21 12:06:00.000,2019-03-21 12:14:00.000,2019-03-21 11:19:00.000,2019-03-21 11:15:00.000,2019-03-21 11:47:00.000,2019-03-21 11:15:00.000,19.0,0.0,8,4.0,-4.0,-51.0,-55.0,-19.0,Acm,Blg,Sau
6734.0,2019-03-21,GT,GODS,Uppehåll,Sista,0,-,20,Vagnavkoppling av godsvagnar,8,Avky,Blg,Stora Tuna,Sau,Borlänge c,Blg,2019-03-21 12:19:00.000,2019-03-21 12:28:00.000,2019-03-21 11:25:00.000,2019-03-21 11:20:00.000,2019-03-21 12:14:00.000,2019-03-21 11:19:00.000,5.0,1.0,9,5.0,-4.0,-59.0,-63.0,-4.0,Acm,Blg,Blg
6734.0,2019-03-22,GT,GODS,Första,Passage,2,Vagntillkoppling av godsvagnar,0,-,1,Avky,Blg,Avesta Krylbo,Avky,Avesta Centrum,Acm,2019-03-22 11:04:00.000,2019-03-22 11:11:00.000,2019-03-22 10:49:00.000,2019-03-22 10:12:00.000,,,,,7,37.0,30.0,-52.0,-22.0,,Acm,Blg,Acm
6734.0,2019-03-22,GT,GODS,Passage,Passage,0,-,0,-,2,Avky,Blg,Avesta Centrum,Acm,Snickarbo,Snb,2019-03-22 11:11:00.000,2019-03-22 11:16:00.000,2019-03-22 10:54:00.000,,2019-03-22 11:11:00.000,2019-03-22 10:49:00.000,0.0,,5,,,,-22.0,,Acm,Blg,Snb
6734.0,2019-03-22,GT,GODS,Passage,Passage,0,-,0,-,3,Avky,Blg,Snickarbo,Snb,Hedemora,Hdm,2019-03-22 11:16:00.000,2019-03-22 11:24:00.000,2019-03-22 11:04:00.000,2019-03-22 10:54:00.000,2019-03-22 11:16:00.000,2019-03-22 10:54:00.000,0.0,0.0,8,10.0,2.0,-22.0,-20.0,0.0,Acm,Blg,Hdm
6734.0,2019-03-22,GT,GODS,Passage,Passage,0,-,0,-,4,Avky,Blg,Hedemora,Hdm,Vikmanshyttan,Vhy,2019-03-22 11:24:00.000,2019-03-22 11:30:00.000,2019-03-22 11:09:00.000,2019-03-22 11:04:00.000,2019-03-22 11:24:00.000,2019-03-22 11:04:00.000,0.0,0.0,6,5.0,-1.0,-20.0,-21.0,0.0,Acm,Blg,Vhy
6734.0,2019-03-22,GT,GODS,Passage,Passage,0,-,0,-,5,Avky,Blg,Vikmanshyttan,Vhy,Säter,St,2019-03-22 11:30:00.000,2019-03-22 11:38:00.000,2019-03-22 11:16:00.000,2019-03-22 11:09:00.000,2019-03-22 11:30:00.000,2019-03-22 11:09:00.000,0.0,0.0,8,7.0,-1.0,-21.0,-22.0,0.0,Acm,Blg,St
6734.0,2019-03-22,GT,GODS,Passage,Uppehåll,0,-,0,-,6,Avky,Blg,Säter,St,Gustafs,Gtf,2019-03-22 11:38:00.000,2019-03-22 11:47:00.000,2019-03-22 11:24:00.000,2019-03-22 11:16:00.000,2019-03-22 11:38:00.000,2019-03-22 11:16:00.000,0.0,0.0,9,8.0,-1.0,-22.0,-23.0,0.0,Acm,Blg,Gtf
6734.0,2019-03-22,GT,GODS,Uppehåll,Uppehåll,0,-,0,-,7,Avky,Blg,Gustafs,Gtf,Stora Tuna,Sau,2019-03-22 12:06:00.000,2019-03-22 12:14:00.000,2019-03-22 11:29:00.000,2019-03-22 11:24:00.000,2019-03-22 11:47:00.000,2019-03-22 11:24:00.000,19.0,0.0,8,5.0,-3.0,-42.0,-45.0,-19.0,Acm,Blg,Sau
6734.0,2019-03-22,GT,GODS,Uppehåll,Sista,0,-,20,Vagnavkoppling av godsvagnar,8,Avky,Blg,Stora Tuna,Sau,Borlänge c,Blg,2019-03-22 12:19:00.000,2019-03-22 12:28:00.000,2019-03-22 11:36:00.000,2019-03-22 11:29:00.000,2019-03-22 12:14:00.000,2019-03-22 11:29:00.000,5.0,0.0,9,7.0,-2.0,-50.0,-52.0,-5.0,Acm,Blg,Blg
6734.0,2019-03-25,GT,GODS,Första,Passage,2,Vagntillkoppling av godsvagnar,0,-,1,Avky,Blg,Avesta Krylbo,Avky,Avesta Centrum,Acm,2019-03-25 11:04:00.000,2019-03-25 11:11:00.000,2019-03-25 11:07:00.000,2019-03-25 11:00:00.000,,,,,7,7.0,0.0,-4.0,-4.0,,Acm,Blg,Acm
6734.0,2019-03-25,GT,GODS,Passage,Passage,0,-,0,-,2,Avky,Blg,Avesta Centrum,Acm,Snickarbo,Snb,2019-03-25 11:11:00.000,2019-03-25 11:16:00.000,2019-03-25 11:12:00.000,,2019-03-25 11:11:00.000,2019-03-25 11:07:00.000,0.0,,5,,,,-4.0,,Acm,Blg,Snb
6734.0,2019-03-25,GT,GODS,Passage,Passage,0,-,0,-,3,Avky,Blg,Snickarbo,Snb,Hedemora,Hdm,2019-03-25 11:16:00.000,2019-03-25 11:24:00.000,2019-03-25 11:21:00.000,2019-03-25 11:12:00.000,2019-03-25 11:16:00.000,2019-03-25 11:12:00.000,0.0,0.0,8,9.0,1.0,-4.0,-3.0,0.0,Acm,Blg,Hdm
6734.0,2019-03-25,GT,GODS,Passage,Passage,0,-,0,-,4,Avky,Blg,Hedemora,Hdm,Vikmanshyttan,Vhy,2019-03-25 11:24:00.000,2019-03-25 11:30:00.000,2019-03-25 11:26:00.000,2019-03-25 11:21:00.000,2019-03-25 11:24:00.000,2019-03-25 11:21:00.000,0.0,0.0,6,5.0,-1.0,-3.0,-4.0,0.0,Acm,Blg,Vhy
6734.0,2019-03-25,GT,GODS,Passage,Passage,0,-,0,-,5,Avky,Blg,Vikmanshyttan,Vhy,Säter,St,2019-03-25 11:30:00.000,2019-03-25 11:38:00.000,2019-03-25 11:32:00.000,2019-03-25 11:26:00.000,2019-03-25 11:30:00.000,2019-03-25 11:26:00.000,0.0,0.0,8,6.0,-2.0,-4.0,-6.0,0.0,Acm,Blg,St
6734.0,2019-03-25,GT,GODS,Passage,Uppehåll,0,-,0,-,6,Avky,Blg,Säter,St,Gustafs,Gtf,2019-03-25 11:38:00.000,2019-03-25 11:47:00.000,2019-03-25 11:39:00.000,2019-03-25 11:32:00.000,2019-03-25 11:38:00.000,2019-03-25 11:32:00.000,0.0,0.0,9,7.0,-2.0,-6.0,-8.0,0.0,Acm,Blg,Gtf
6734.0,2019-03-25,GT,GODS,Uppehåll,Uppehåll,0,-,0,-,7,Avky,Blg,Gustafs,Gtf,Stora Tuna,Sau,2019-03-25 12:06:00.000,2019-03-25 12:14:00.000,2019-03-25 11:44:00.000,2019-03-25 11:40:00.000,2019-03-25 11:47:00.000,2019-03-25 11:39:00.000,19.0,1.0,8,4.0,-4.0,-26.0,-30.0,-18.0,Acm,Blg,Sau
6734.0,2019-03-25,GT,GODS,Uppehåll,Sista,0,-,20,Vagnavkoppling av godsvagnar,8,Avky,Blg,Stora Tuna,Sau,Borlänge c,Blg,2019-03-25 12:19:00.000,2019-03-25 12:28:00.000,2019-03-25 11:50:00.000,2019-03-25 11:44:00.000,2019-03-25 12:14:00.000,2019-03-25 11:44:00.000,5.0,0.0,9,6.0,-3.0,-35.0,-38.0,-5.0,Acm,Blg,Blg
6734.0,2019-03-27,GT,GODS,Första,Passage,2,Vagntillkoppling av godsvagnar,0,-,1,Avky,Blg,Avesta Krylbo,Avky,Avesta Centrum,Acm,2019-03-27 11:04:00.000,2019-03-27 11:11:00.000,2019-03-27 13:13:00.000,2019-03-27 12:18:00.000,,,,,7,55.0,48.0,74.0,122.0,,Acm,Blg,Acm
6734.0,2019-03-27,GT,GODS,Passage,Passage,0,-,0,-,2,Avky,Blg,Avesta Centrum,Acm,Snickarbo,Snb,2019-03-27 11:11:00.000,2019-03-27 11:16:00.000,2019-03-27 13:18:00.000,,2019-03-27 11:11:00.000,2019-03-27 13:13:00.000,0.0,,5,,,,122.0,,Acm,Blg,Snb
6734.0,2019-03-27,GT,GODS,Passage,Passage,0,-,0,-,3,Avky,Blg,Snickarbo,Snb,Hedemora,Hdm,2019-03-27 11:16:00.000,2019-03-27 11:24:00.000,2019-03-27 13:26:00.000,,2019-03-27 11:16:00.000,2019-03-27 13:18:00.000,0.0,,8,,,,122.0,,Acm,Blg,Hdm
6734.0,2019-03-27,GT,GODS,Passage,Passage,0,-,0,-,4,Avky,Blg,Hedemora,Hdm,Vikmanshyttan,Vhy,2019-03-27 11:24:00.000,2019-03-27 11:30:00.000,2019-03-27 13:32:00.000,,2019-03-27 11:24:00.000,2019-03-27 13:26:00.000,0.0,,6,,,,122.0,,Acm,Blg,Vhy
6734.0,2019-03-27,GT,GODS,Passage,Passage,0,-,0,-,5,Avky,Blg,Vikmanshyttan,Vhy,Säter,St,2019-03-27 11:30:00.000,2019-03-27 11:38:00.000,2019-03-27 13:41:00.000,2019-03-27 13:32:00.000,2019-03-27 11:30:00.000,2019-03-27 13:32:00.000,0.0,0.0,8,9.0,1.0,122.0,123.0,0.0,Acm,Blg,St
6734.0,2019-03-27,GT,GODS,Passage,Uppehåll,0,-,0,-,6,Avky,Blg,Säter,St,Gustafs,Gtf,2019-03-27 11:38:00.000,2019-03-27 11:47:00.000,2019-03-27 13:49:00.000,2019-03-27 13:41:00.000,2019-03-27 11:38:00.000,2019-03-27 13:41:00.000,0.0,0.0,9,8.0,-1.0,123.0,122.0,0.0,Acm,Blg,Gtf
6734.0,2019-03-27,GT,GODS,Uppehåll,Uppehåll,0,-,0,-,7,Avky,Blg,Gustafs,Gtf,Stora Tuna,Sau,2019-03-27 12:06:00.000,2019-03-27 12:14:00.000,2019-03-27 13:54:00.000,2019-03-27 13:49:00.000,2019-03-27 11:47:00.000,2019-03-27 13:49:00.000,19.0,0.0,8,5.0,-3.0,103.0,100.0,-19.0,Acm,Blg,Sau
6734.0,2019-03-27,GT,GODS,Uppehåll,Sista,0,-,20,Vagnavkoppling av godsvagnar,8,Avky,Blg,Stora Tuna,Sau,Borlänge c,Blg,2019-03-27 12:19:00.000,2019-03-27 12:28:00.000,2019-03-27 14:30:00.000,2019-03-27 14:16:00.000,2019-03-27 12:14:00.000,2019-03-27 13:54:00.000,5.0,22.0,9,14.0,5.0,117.0,122.0,17.0,Acm,Blg,Blg
6734.0,2019-03-28,GT,GODS,Första,Passage,2,Vagntillkoppling av godsvagnar,0,-,1,Avky,Blg,Avesta Krylbo,Avky,Avesta Centrum,Acm,2019-03-28 11:04:00.000,2019-03-28 11:11:00.000,2019-03-28 10:41:00.000,2019-03-28 10:35:00.000,,,,,7,6.0,-1.0,-29.0,-30.0,,Acm,Blg,Acm
6734.0,2019-03-28,GT,GODS,Passage,Passage,0,-,0,-,2,Avky,Blg,Avesta Centrum,Acm,Snickarbo,Snb,2019-03-28 11:11:00.000,2019-03-28 11:16:00.000,2019-03-28 10:46:00.000,,2019-03-28 11:11:00.000,2019-03-28 10:41:00.000,0.0,,5,,,,-30.0,,Acm,Blg,Snb
6734.0,2019-03-28,GT,GODS,Passage,Passage,0,-,0,-,3,Avky,Blg,Snickarbo,Snb,Hedemora,Hdm,2019-03-28 11:16:00.000,2019-03-28 11:24:00.000,2019-03-28 10:55:00.000,2019-03-28 10:46:00.000,2019-03-28 11:16:00.000,2019-03-28 10:46:00.000,0.0,0.0,8,9.0,1.0,-30.0,-29.0,0.0,Acm,Blg,Hdm
6734.0,2019-03-28,GT,GODS,Passage,Passage,0,-,0,-,4,Avky,Blg,Hedemora,Hdm,Vikmanshyttan,Vhy,2019-03-28 11:24:00.000,2019-03-28 11:30:00.000,2019-03-28 11:00:00.000,2019-03-28 10:55:00.000,2019-03-28 11:24:00.000,2019-03-28 10:55:00.000,0.0,0.0,6,5.0,-1.0,-29.0,-30.0,0.0,Acm,Blg,Vhy
6734.0,2019-03-28,GT,GODS,Passage,Passage,0,-,0,-,5,Avky,Blg,Vikmanshyttan,Vhy,Säter,St,2019-03-28 11:30:00.000,2019-03-28 11:38:00.000,2019-03-28 11:06:00.000,2019-03-28 11:00:00.000,2019-03-28 11:30:00.000,2019-03-28 11:00:00.000,0.0,0.0,8,6.0,-2.0,-30.0,-32.0,0.0,Acm,Blg,St
6734.0,2019-03-28,GT,GODS,Passage,Uppehåll,0,-,0,-,6,Avky,Blg,Säter,St,Gustafs,Gtf,2019-03-28 11:38:00.000,2019-03-28 11:47:00.000,2019-03-28 11:13:00.000,2019-03-28 11:06:00.000,2019-03-28 11:38:00.000,2019-03-28 11:06:00.000,0.0,0.0,9,7.0,-2.0,-32.0,-34.0,0.0,Acm,Blg,Gtf
6734.0,2019-03-28,GT,GODS,Uppehåll,Uppehåll,0,-,0,-,7,Avky,Blg,Gustafs,Gtf,Stora Tuna,Sau,2019-03-28 12:06:00.000,2019-03-28 12:14:00.000,2019-03-28 11:18:00.000,2019-03-28 11:13:00.000,2019-03-28 11:47:00.000,2019-03-28 11:13:00.000,19.0,0.0,8,5.0,-3.0,-53.0,-56.0,-19.0,Acm,Blg,Sau
6734.0,2019-03-28,GT,GODS,Uppehåll,Sista,0,-,20,Vagnavkoppling av godsvagnar,8,Avky,Blg,Stora Tuna,Sau,Borlänge c,Blg,2019-03-28 12:19:00.000,2019-03-28 12:28:00.000,2019-03-28 11:26:00.000,2019-03-28 11:18:00.000,2019-03-28 12:14:00.000,2019-03-28 11:18:00.000,5.0,0.0,9,8.0,-1.0,-61.0,-62.0,-5.0,Acm,Blg,Blg
6734.0,2019-03-29,GT,GODS,Första,Passage,2,Vagntillkoppling av godsvagnar,0,-,1,Avky,Blg,Avesta Krylbo,Avky,Avesta Centrum,Acm,2019-03-29 11:04:00.000,2019-03-29 11:11:00.000,2019-03-29 10:47:00.000,2019-03-29 10:36:00.000,,,,,7,11.0,4.0,-28.0,-24.0,,Acm,Blg,Acm
6734.0,2019-03-29,GT,GODS,Passage,Passage,0,-,0,-,2,Avky,Blg,Avesta Centrum,Acm,Snickarbo,Snb,2019-03-29 11:11:00.000,2019-03-29 11:16:00.000,2019-03-29 10:52:00.000,,2019-03-29 11:11:00.000,2019-03-29 10:47:00.000,0.0,,5,,,,-24.0,,Acm,Blg,Snb
6734.0,2019-03-29,GT,GODS,Passage,Passage,0,-,0,-,3,Avky,Blg,Snickarbo,Snb,Hedemora,Hdm,2019-03-29 11:16:00.000,2019-03-29 11:24:00.000,2019-03-29 11:00:00.000,2019-03-29 10:52:00.000,2019-03-29 11:16:00.000,2019-03-29 10:52:00.000,0.0,0.0,8,8.0,0.0,-24.0,-24.0,0.0,Acm,Blg,Hdm
6734.0,2019-03-29,GT,GODS,Passage,Passage,0,-,0,-,4,Avky,Blg,Hedemora,Hdm,Vikmanshyttan,Vhy,2019-03-29 11:24:00.000,2019-03-29 11:30:00.000,2019-03-29 11:05:00.000,2019-03-29 11:00:00.000,2019-03-29 11:24:00.000,2019-03-29 11:00:00.000,0.0,0.0,6,5.0,-1.0,-24.0,-25.0,0.0,Acm,Blg,Vhy
6734.0,2019-03-29,GT,GODS,Passage,Passage,0,-,0,-,5,Avky,Blg,Vikmanshyttan,Vhy,Säter,St,2019-03-29 11:30:00.000,2019-03-29 11:38:00.000,2019-03-29 11:12:00.000,2019-03-29 11:05:00.000,2019-03-29 11:30:00.000,2019-03-29 11:05:00.000,0.0,0.0,8,7.0,-1.0,-25.0,-26.0,0.0,Acm,Blg,St
6734.0,2019-03-29,GT,GODS,Passage,Uppehåll,0,-,0,-,6,Avky,Blg,Säter,St,Gustafs,Gtf,2019-03-29 11:38:00.000,2019-03-29 11:47:00.000,2019-03-29 11:20:00.000,2019-03-29 11:12:00.000,2019-03-29 11:38:00.000,2019-03-29 11:12:00.000,0.0,0.0,9,8.0,-1.0,-26.0,-27.0,0.0,Acm,Blg,Gtf
6734.0,2019-03-29,GT,GODS,Uppehåll,Uppehåll,0,-,0,-,7,Avky,Blg,Gustafs,Gtf,Stora Tuna,Sau,2019-03-29 12:06:00.000,2019-03-29 12:14:00.000,2019-03-29 11:24:00.000,2019-03-29 11:20:00.000,2019-03-29 11:47:00.000,2019-03-29 11:20:00.000,19.0,0.0,8,4.0,-4.0,-46.0,-50.0,-19.0,Acm,Blg,Sau
6734.0,2019-03-29,GT,GODS,Uppehåll,Sista,0,-,20,Vagnavkoppling av godsvagnar,8,Avky,Blg,Stora Tuna,Sau,Borlänge c,Blg,2019-03-29 12:19:00.000,2019-03-29 12:28:00.000,2019-03-29 11:32:00.000,2019-03-29 11:24:00.000,2019-03-29 12:14:00.000,2019-03-29 11:24:00.000,5.0,0.0,9,8.0,-1.0,-55.0,-56.0,-5.0,Acm,Blg,Blg
6760.0,2019-03-06,GT,GODS,Första,Passage,2,Vagntillkoppling av godsvagnar,0,-,1,Avky,Blg,Avesta Krylbo,Avky,Avesta Centrum,Acm,2019-03-06 05:40:00.000,2019-03-06 05:45:00.000,2019-03-06 04:19:00.000,2019-03-06 04:15:00.000,,,,,5,4.0,-1.0,-85.0,-86.0,,Acm,Blg,Acm
6760.0,2019-03-06,GT,GODS,Passage,Passage,0,-,0,-,2,Avky,Blg,Avesta Centrum,Acm,Snickarbo,Snb,2019-03-06 05:45:00.000,2019-03-06 05:51:00.000,2019-03-06 04:25:00.000,,2019-03-06 05:45:00.000,2019-03-06 04:19:00.000,0.0,,6,,,,-86.0,,Acm,Blg,Snb
6760.0,2019-03-06,GT,GODS,Passage,Passage,0,-,0,-,3,Avky,Blg,Snickarbo,Snb,Hedemora,Hdm,2019-03-06 05:51:00.000,2019-03-06 06:00:00.000,2019-03-06 04:33:00.000,2019-03-06 04:25:00.000,2019-03-06 05:51:00.000,2019-03-06 04:25:00.000,0.0,0.0,9,8.0,-1.0,-86.0,-87.0,0.0,Acm,Blg,Hdm
6760.0,2019-03-06,GT,GODS,Passage,Uppehåll,0,-,0,-,4,Avky,Blg,Hedemora,Hdm,Vikmanshyttan,Vhy,2019-03-06 06:00:00.000,2019-03-06 06:06:00.000,2019-03-06 04:37:00.000,2019-03-06 04:33:00.000,2019-03-06 06:00:00.000,2019-03-06 04:33:00.000,0.0,0.0,6,4.0,-2.0,-87.0,-89.0,0.0,Acm,Blg,Vhy
6760.0,2019-03-06,GT,GODS,Uppehåll,Uppehåll,0,-,0,-,5,Avky,Blg,Vikmanshyttan,Vhy,Säter,St,2019-03-06 06:28:00.000,2019-03-06 06:36:00.000,2019-03-06 04:43:00.000,2019-03-06 04:37:00.000,2019-03-06 06:06:00.000,2019-03-06 04:37:00.000,22.0,0.0,8,6.0,-2.0,-111.0,-113.0,-22.0,Acm,Blg,St
6760.0,2019-03-06,GT,GODS,Uppehåll,Passage,0,-,0,-,6,Avky,Blg,Säter,St,Gustafs,Gtf,2019-03-06 06:46:00.000,2019-03-06 06:55:00.000,2019-03-06 05:08:00.000,2019-03-06 04:43:00.000,2019-03-06 06:36:00.000,2019-03-06 04:43:00.000,10.0,0.0,9,25.0,16.0,-123.0,-107.0,-10.0,Acm,Blg,Gtf
6760.0,2019-03-06,GT,GODS,Passage,Passage,0,-,0,-,7,Avky,Blg,Gustafs,Gtf,Stora Tuna,Sau,2019-03-06 06:55:00.000,2019-03-06 06:59:00.000,2019-03-06 05:55:00.000,2019-03-06 05:08:00.000,2019-03-06 06:55:00.000,2019-03-06 05:08:00.000,0.0,0.0,4,47.0,43.0,-107.0,-64.0,0.0,Acm,Blg,Sau
6760.0,2019-03-06,GT,GODS,Passage,Sista,0,-,20,Vagnavkoppling av godsvagnar,8,Avky,Blg,Stora Tuna,Sau,Borlänge c,Blg,2019-03-06 06:59:00.000,2019-03-06 07:07:00.000,2019-03-06 06:04:00.000,2019-03-06 05:55:00.000,2019-03-06 06:59:00.000,2019-03-06 05:55:00.000,0.0,0.0,8,9.0,1.0,-64.0,-63.0,0.0,Acm,Blg,Blg
6760.0,2019-03-13,GT,GODS,Första,Passage,2,Vagntillkoppling av godsvagnar,0,-,1,Avky,Blg,Avesta Krylbo,Avky,Avesta Centrum,Acm,2019-03-13 05:40:00.000,2019-03-13 05:45:00.000,2019-03-13 04:43:00.000,2019-03-13 04:40:00.000,,,,,5,3.0,-2.0,-60.0,-62.0,,Acm,Blg,Acm
6760.0,2019-03-13,GT,GODS,Passage,Passage,0,-,0,-,2,Avky,Blg,Avesta Centrum,Acm,Snickarbo,Snb,2019-03-13 05:45:00.000,2019-03-13 05:51:00.000,2019-03-13 04:49:00.000,,2019-03-13 05:45:00.000,2019-03-13 04:43:00.000,0.0,,6,,,,-62.0,,Acm,Blg,Snb
6760.0,2019-03-13,GT,GODS,Passage,Passage,0,-,0,-,3,Avky,Blg,Snickarbo,Snb,Hedemora,Hdm,2019-03-13 05:51:00.000,2019-03-13 06:00:00.000,2019-03-13 05:09:00.000,2019-03-13 04:49:00.000,2019-03-13 05:51:00.000,2019-03-13 04:49:00.000,0.0,0.0,9,20.0,11.0,-62.0,-51.0,0.0,Acm,Blg,Hdm
6760.0,2019-03-13,GT,GODS,Passage,Uppehåll,0,-,0,-,4,Avky,Blg,Hedemora,Hdm,Vikmanshyttan,Vhy,2019-03-13 06:00:00.000,2019-03-13 06:06:00.000,2019-03-13 05:14:00.000,2019-03-13 05:09:00.000,2019-03-13 06:00:00.000,2019-03-13 05:09:00.000,0.0,0.0,6,5.0,-1.0,-51.0,-52.0,0.0,Acm,Blg,Vhy
6760.0,2019-03-13,GT,GODS,Uppehåll,Uppehåll,0,-,0,-,5,Avky,Blg,Vikmanshyttan,Vhy,Säter,St,2019-03-13 06:28:00.000,2019-03-13 06:36:00.000,2019-03-13 05:20:00.000,2019-03-13 05:14:00.000,2019-03-13 06:06:00.000,2019-03-13 05:14:00.000,22.0,0.0,8,6.0,-2.0,-74.0,-76.0,-22.0,Acm,Blg,St
6760.0,2019-03-13,GT,GODS,Uppehåll,Passage,0,-,0,-,6,Avky,Blg,Säter,St,Gustafs,Gtf,2019-03-13 06:46:00.000,2019-03-13 06:55:00.000,2019-03-13 05:27:00.000,2019-03-13 05:20:00.000,2019-03-13 06:36:00.000,2019-03-13 05:20:00.000,10.0,0.0,9,7.0,-2.0,-86.0,-88.0,-10.0,Acm,Blg,Gtf
6760.0,2019-03-13,GT,GODS,Passage,Passage,0,-,0,-,7,Avky,Blg,Gustafs,Gtf,Stora Tuna,Sau,2019-03-13 06:55:00.000,2019-03-13 06:59:00.000,2019-03-13 05:32:00.000,2019-03-13 05:27:00.000,2019-03-13 06:55:00.000,2019-03-13 05:27:00.000,0.0,0.0,4,5.0,1.0,-88.0,-87.0,0.0,Acm,Blg,Sau
6760.0,2019-03-13,GT,GODS,Passage,Sista,0,-,20,Vagnavkoppling av godsvagnar,8,Avky,Blg,Stora Tuna,Sau,Borlänge c,Blg,2019-03-13 06:59:00.000,2019-03-13 07:07:00.000,2019-03-13 05:39:00.000,2019-03-13 05:32:00.000,2019-03-13 06:59:00.000,2019-03-13 05:32:00.000,0.0,0.0,8,7.0,-1.0,-87.0,-88.0,0.0,Acm,Blg,Blg
6760.0,2019-03-20,GT,GODS,Första,Passage,2,Vagntillkoppling av godsvagnar,0,-,1,Avky,Blg,Avesta Krylbo,Avky,Avesta Centrum,Acm,2019-03-20 05:40:00.000,2019-03-20 05:45:00.000,2019-03-20 04:44:00.000,2019-03-20 04:40:00.000,,,,,5,4.0,-1.0,-60.0,-61.0,,Acm,Blg,Acm
6760.0,2019-03-20,GT,GODS,Passage,Passage,0,-,0,-,2,Avky,Blg,Avesta Centrum,Acm,Snickarbo,Snb,2019-03-20 05:45:00.000,2019-03-20 05:51:00.000,2019-03-20 04:50:00.000,,2019-03-20 05:45:00.000,2019-03-20 04:44:00.000,0.0,,6,,,,-61.0,,Acm,Blg,Snb
6760.0,2019-03-20,GT,GODS,Passage,Passage,0,-,0,-,3,Avky,Blg,Snickarbo,Snb,Hedemora,Hdm,2019-03-20 05:51:00.000,2019-03-20 06:00:00.000,2019-03-20 05:15:00.000,2019-03-20 04:50:00.000,2019-03-20 05:51:00.000,2019-03-20 04:50:00.000,0.0,0.0,9,25.0,16.0,-61.0,-45.0,0.0,Acm,Blg,Hdm
6760.0,2019-03-20,GT,GODS,Passage,Uppehåll,0,-,0,-,4,Avky,Blg,Hedemora,Hdm,Vikmanshyttan,Vhy,2019-03-20 06:00:00.000,2019-03-20 06:06:00.000,2019-03-20 05:20:00.000,2019-03-20 05:15:00.000,2019-03-20 06:00:00.000,2019-03-20 05:15:00.000,0.0,0.0,6,5.0,-1.0,-45.0,-46.0,0.0,Acm,Blg,Vhy
6760.0,2019-03-20,GT,GODS,Uppehåll,Uppehåll,0,-,0,-,5,Avky,Blg,Vikmanshyttan,Vhy,Säter,St,2019-03-20 06:28:00.000,2019-03-20 06:36:00.000,2019-03-20 05:26:00.000,2019-03-20 05:20:00.000,2019-03-20 06:06:00.000,2019-03-20 05:20:00.000,22.0,0.0,8,6.0,-2.0,-68.0,-70.0,-22.0,Acm,Blg,St
6760.0,2019-03-20,GT,GODS,Uppehåll,Passage,0,-,0,-,6,Avky,Blg,Säter,St,Gustafs,Gtf,2019-03-20 06:46:00.000,2019-03-20 06:55:00.000,2019-03-20 05:33:00.000,2019-03-20 05:26:00.000,2019-03-20 06:36:00.000,2019-03-20 05:26:00.000,10.0,0.0,9,7.0,-2.0,-80.0,-82.0,-10.0,Acm,Blg,Gtf
6760.0,2019-03-20,GT,GODS,Passage,Passage,0,-,0,-,7,Avky,Blg,Gustafs,Gtf,Stora Tuna,Sau,2019-03-20 06:55:00.000,2019-03-20 06:59:00.000,2019-03-20 05:37:00.000,2019-03-20 05:33:00.000,2019-03-20 06:55:00.000,2019-03-20 05:33:00.000,0.0,0.0,4,4.0,0.0,-82.0,-82.0,0.0,Acm,Blg,Sau
6760.0,2019-03-20,GT,GODS,Passage,Sista,0,-,20,Vagnavkoppling av godsvagnar,8,Avky,Blg,Stora Tuna,Sau,Borlänge c,Blg,2019-03-20 06:59:00.000,2019-03-20 07:07:00.000,2019-03-20 05:44:00.000,2019-03-20 05:37:00.000,2019-03-20 06:59:00.000,2019-03-20 05:37:00.000,0.0,0.0,8,7.0,-1.0,-82.0,-83.0,0.0,Acm,Blg,Blg
6760.0,2019-03-27,GT,GODS,Första,Passage,2,Vagntillkoppling av godsvagnar,0,-,1,Avky,Blg,Avesta Krylbo,Avky,Avesta Centrum,Acm,2019-03-27 05:40:00.000,2019-03-27 05:45:00.000,2019-03-27 05:09:00.000,2019-03-27 04:50:00.000,,,,,5,19.0,14.0,-50.0,-36.0,,Acm,Blg,Acm
6760.0,2019-03-27,GT,GODS,Passage,Passage,0,-,0,-,2,Avky,Blg,Avesta Centrum,Acm,Snickarbo,Snb,2019-03-27 05:45:00.000,2019-03-27 05:51:00.000,2019-03-27 05:15:00.000,,2019-03-27 05:45:00.000,2019-03-27 05:09:00.000,0.0,,6,,,,-36.0,,Acm,Blg,Snb
6760.0,2019-03-27,GT,GODS,Passage,Passage,0,-,0,-,3,Avky,Blg,Snickarbo,Snb,Hedemora,Hdm,2019-03-27 05:51:00.000,2019-03-27 06:00:00.000,2019-03-27 05:24:00.000,2019-03-27 05:15:00.000,2019-03-27 05:51:00.000,2019-03-27 05:15:00.000,0.0,0.0,9,9.0,0.0,-36.0,-36.0,0.0,Acm,Blg,Hdm
6760.0,2019-03-27,GT,GODS,Passage,Uppehåll,0,-,0,-,4,Avky,Blg,Hedemora,Hdm,Vikmanshyttan,Vhy,2019-03-27 06:00:00.000,2019-03-27 06:06:00.000,2019-03-27 05:28:00.000,2019-03-27 05:24:00.000,2019-03-27 06:00:00.000,2019-03-27 05:24:00.000,0.0,0.0,6,4.0,-2.0,-36.0,-38.0,0.0,Acm,Blg,Vhy
6760.0,2019-03-27,GT,GODS,Uppehåll,Uppehåll,0,-,0,-,5,Avky,Blg,Vikmanshyttan,Vhy,Säter,St,2019-03-27 06:28:00.000,2019-03-27 06:36:00.000,2019-03-27 05:34:00.000,2019-03-27 05:28:00.000,2019-03-27 06:06:00.000,2019-03-27 05:28:00.000,22.0,0.0,8,6.0,-2.0,-60.0,-62.0,-22.0,Acm,Blg,St
6760.0,2019-03-27,GT,GODS,Uppehåll,Passage,0,-,0,-,6,Avky,Blg,Säter,St,Gustafs,Gtf,2019-03-27 06:46:00.000,2019-03-27 06:55:00.000,2019-03-27 05:41:00.000,2019-03-27 05:34:00.000,2019-03-27 06:36:00.000,2019-03-27 05:34:00.000,10.0,0.0,9,7.0,-2.0,-72.0,-74.0,-10.0,Acm,Blg,Gtf
6760.0,2019-03-27,GT,GODS,Passage,Passage,0,-,0,-,7,Avky,Blg,Gustafs,Gtf,Stora Tuna,Sau,2019-03-27 06:55:00.000,2019-03-27 06:59:00.000,2019-03-27 06:20:00.000,2019-03-27 05:41:00.000,2019-03-27 06:55:00.000,2019-03-27 05:41:00.000,0.0,0.0,4,39.0,35.0,-74.0,-39.0,0.0,Acm,Blg,Sau
6760.0,2019-03-27,GT,GODS,Passage,Sista,0,-,20,Vagnavkoppling av godsvagnar,8,Avky,Blg,Stora Tuna,Sau,Borlänge c,Blg,2019-03-27 06:59:00.000,2019-03-27 07:07:00.000,2019-03-27 06:27:00.000,2019-03-27 06:20:00.000,2019-03-27 06:59:00.000,2019-03-27 06:20:00.000,0.0,0.0,8,7.0,-1.0,-39.0,-40.0,0.0,Acm,Blg,Blg
6771.0,2019-03-19,GT,GODS,Uppehåll,Passage,20,Vagnavkoppling av godsvagnar,0,-,1,Blg,Blg,Avesta Krylbo,Avky,Avesta Centrum,Acm,2019-03-19 13:40:00.000,2019-03-19 13:45:00.000,2019-03-19 13:45:00.000,2019-03-19 13:32:00.000,,,,,5,13.0,8.0,-8.0,0.0,,Acm,Blg,Acm
6771.0,2019-03-19,GT,GODS,Första,Passage,2,Vagntillkoppling av godsvagnar,0,-,1,Blg,Blg,Borlänge c,Blg,Stora Tuna,Sau,2019-03-19 05:58:00.000,2019-03-19 06:07:00.000,2019-03-19 05:51:00.000,2019-03-19 05:46:00.000,,,,,9,5.0,-4.0,-12.0,-16.0,,Acm,Blg,Sau
6771.0,2019-03-19,GT,GODS,Uppehåll,Passage,22,Vagn av- och tillkoppling av godsvagnar,0,-,1,Blg,Blg,Fors,Fs,Jularbo,Ju,2019-03-19 09:02:00.000,2019-03-19 09:10:00.000,2019-03-19 09:28:00.000,2019-03-19 09:21:00.000,,,,,8,7.0,-1.0,19.0,18.0,,Acm,Blg,Ju
6771.0,2019-03-19,TJT,-,Första,Passage,22,Vagn av- och tillkoppling av godsvagnar,0,-,1,Blg,Blg,Avesta Krylbo,Avky,Hökmora,Hma,2019-03-19 10:22:00.000,2019-03-19 10:31:00.000,2019-03-19 10:11:00.000,2019-03-19 09:48:00.000,,,,,9,23.0,14.0,-34.0,-20.0,,Acm,Blg,Hma
6771.0,2019-03-19,GT,GODS,Första,Passage,2,Vagntillkoppling av godsvagnar,0,-,1,Blg,Blg,Karbenning,Kbn,Hökmora,Hma,2019-03-19 12:25:00.000,2019-03-19 12:30:00.000,2019-03-19 11:24:00.000,2019-03-19 11:19:00.000,,,,,5,5.0,0.0,-66.0,-66.0,,Acm,Blg,Hma
6771.0,2019-03-19,GT,GODS,Passage,Sista,0,-,22,Vagn av- och tillkoppling av godsvagnar,2,Blg,Blg,Jularbo,Ju,Avesta Krylbo,Avky,2019-03-19 09:10:00.000,2019-03-19 09:15:00.000,2019-03-19 09:32:00.000,2019-03-19 09:28:00.000,2019-03-19 09:10:00.000,2019-03-19 09:28:00.000,0.0,0.0,5,4.0,-1.0,18.0,17.0,0.0,Acm,Blg,Avky
6771.0,2019-03-19,GT,GODS,Passage,Uppehåll,0,-,20,Vagnavkoppling av godsvagnar,2,Blg,Blg,Hökmora,Hma,Avesta Krylbo,Avky,2019-03-19 12:30:00.000,2019-03-19 12:40:00.000,2019-03-19 11:31:00.000,2019-03-19 11:24:00.000,2019-03-19 12:30:00.000,2019-03-19 11:24:00.000,0.0,0.0,10,7.0,-3.0,-66.0,-69.0,0.0,Acm,Blg,Avky
6771.0,2019-03-19,GT,GODS,Passage,Passage,0,-,0,-,2,Blg,Blg,Avesta Centrum,Acm,Snickarbo,Snb,2019-03-19 13:45:00.000,2019-03-19 13:51:00.000,2019-03-19 13:51:00.000,,2019-03-19 13:45:00.000,2019-03-19 13:45:00.000,0.0,,6,,,,0.0,,Acm,Blg,Snb
6771.0,2019-03-19,GT,GODS,Passage,Passage,0,-,0,-,2,Blg,Blg,Stora Tuna,Sau,Gustafs,Gtf,2019-03-19 06:07:00.000,2019-03-19 06:12:00.000,2019-03-19 06:04:00.000,2019-03-19 05:51:00.000,2019-03-19 06:07:00.000,2019-03-19 05:51:00.000,0.0,0.0,5,13.0,8.0,-16.0,-8.0,0.0,Acm,Blg,Gtf
6771.0,2019-03-19,TJT,-,Passage,Sista,0,-,22,Vagn av- och tillkoppling av godsvagnar,2,Blg,Blg,Hökmora,Hma,Karbenning,Kbn,2019-03-19 10:31:00.000,2019-03-19 10:36:00.000,2019-03-19 10:15:00.000,2019-03-19 10:11:00.000,2019-03-19 10:31:00.000,2019-03-19 10:11:00.000,0.0,0.0,5,4.0,-1.0,-20.0,-21.0,0.0,Acm,Blg,Kbn
6771.0,2019-03-19,GT,GODS,Passage,Passage,0,-,0,-,3,Blg,Blg,Gustafs,Gtf,Säter,St,2019-03-19 06:12:00.000,2019-03-19 06:21:00.000,2019-03-19 06:13:00.000,2019-03-19 06:04:00.000,2019-03-19 06:12:00.000,2019-03-19 06:04:00.000,0.0,0.0,9,9.0,0.0,-8.0,-8.0,0.0,Acm,Blg,St
6771.0,2019-03-19,GT,GODS,Passage,Passage,0,-,0,-,3,Blg,Blg,Snickarbo,Snb,Hedemora,Hdm,2019-03-19 13:51:00.000,2019-03-19 14:00:00.000,2019-03-19 13:59:00.000,2019-03-19 13:51:00.000,2019-03-19 13:51:00.000,2019-03-19 13:51:00.000,0.0,0.0,9,8.0,-1.0,0.0,-1.0,0.0,Acm,Blg,Hdm
6771.0,2019-03-19,GT,GODS,Passage,Uppehåll,0,-,0,-,4,Blg,Blg,Hedemora,Hdm,Vikmanshyttan,Vhy,2019-03-19 14:00:00.000,2019-03-19 14:06:00.000,2019-03-19 14:04:00.000,2019-03-19 13:59:00.000,2019-03-19 14:00:00.000,2019-03-19 13:59:00.000,0.0,0.0,6,5.0,-1.0,-1.0,-2.0,0.0,Acm,Blg,Vhy
6771.0,2019-03-19,GT,GODS,Passage,Passage,0,-,0,-,4,Blg,Blg,Säter,St,Vikmanshyttan,Vhy,2019-03-19 06:21:00.000,2019-03-19 06:27:00.000,2019-03-19 06:18:00.000,2019-03-19 06:13:00.000,2019-03-19 06:21:00.000,2019-03-19 06:13:00.000,0.0,0.0,6,5.0,-1.0,-8.0,-9.0,0.0,Acm,Blg,Vhy
6771.0,2019-03-19,GT,GODS,Uppehåll,Passage,0,-,0,-,5,Blg,Blg,Vikmanshyttan,Vhy,Säter,St,2019-03-19 14:18:00.000,2019-03-19 14:31:00.000,2019-03-19 14:23:00.000,2019-03-19 14:04:00.000,2019-03-19 14:06:00.000,2019-03-19 14:04:00.000,12.0,0.0,13,19.0,6.0,-14.0,-8.0,-12.0,Acm,Blg,St
6771.0,2019-03-19,GT,GODS,Passage,Passage,0,-,0,-,5,Blg,Blg,Vikmanshyttan,Vhy,Hedemora,Hdm,2019-03-19 06:27:00.000,2019-03-19 06:32:00.000,2019-03-19 06:24:00.000,2019-03-19 06:18:00.000,2019-03-19 06:27:00.000,2019-03-19 06:18:00.000,0.0,0.0,5,6.0,1.0,-9.0,-8.0,0.0,Acm,Blg,Hdm
6771.0,2019-03-19,GT,GODS,Passage,Uppehåll,0,-,0,-,6,Blg,Blg,Hedemora,Hdm,Snickarbo,Snb,2019-03-19 06:32:00.000,2019-03-19 06:41:00.000,2019-03-19 06:32:00.000,2019-03-19 06:24:00.000,2019-03-19 06:32:00.000,2019-03-19 06:24:00.000,0.0,0.0,9,8.0,-1.0,-8.0,-9.0,0.0,Acm,Blg,Snb
6771.0,2019-03-19,GT,GODS,Passage,Passage,0,-,0,-,6,Blg,Blg,Säter,St,Gustafs,Gtf,2019-03-19 14:31:00.000,2019-03-19 14:39:00.000,2019-03-19 14:32:00.000,2019-03-19 14:23:00.000,2019-03-19 14:31:00.000,2019-03-19 14:23:00.000,0.0,0.0,8,9.0,1.0,-8.0,-7.0,0.0,Acm,Blg,Gtf
6771.0,2019-03-19,GT,GODS,Uppehåll,Passage,0,-,0,-,7,Blg,Blg,Snickarbo,Snb,Avesta Centrum,Acm,2019-03-19 06:45:00.000,2019-03-19 06:53:00.000,2019-03-19 06:46:00.000,2019-03-19 06:44:00.000,2019-03-19 06:41:00.000,2019-03-19 06:32:00.000,4.0,12.0,8,2.0,-6.0,-1.0,-7.0,8.0,Acm,Blg,Acm
6771.0,2019-03-19,GT,GODS,Passage,Passage,0,-,0,-,7,Blg,Blg,Gustafs,Gtf,Stora Tuna,Sau,2019-03-19 14:39:00.000,2019-03-19 14:45:00.000,2019-03-19 14:36:00.000,2019-03-19 14:32:00.000,2019-03-19 14:39:00.000,2019-03-19 14:32:00.000,0.0,0.0,6,4.0,-2.0,-7.0,-9.0,0.0,Acm,Blg,Sau
6771.0,2019-03-19,GT,GODS,Passage,Uppehåll,0,-,2,Vagntillkoppling av godsvagnar,8,Blg,Blg,Avesta Centrum,Acm,Avesta Krylbo,Avky,2019-03-19 06:53:00.000,2019-03-19 06:57:00.000,2019-03-19 06:54:00.000,,2019-03-19 06:53:00.000,2019-03-19 06:46:00.000,0.0,,4,,,,-3.0,,Acm,Blg,Avky
6771.0,2019-03-19,GT,GODS,Passage,Sista,0,-,20,Vagnavkoppling av godsvagnar,8,Blg,Blg,Stora Tuna,Sau,Borlänge c,Blg,2019-03-19 14:45:00.000,2019-03-19 14:54:00.000,2019-03-19 14:43:00.000,2019-03-19 14:36:00.000,2019-03-19 14:45:00.000,2019-03-19 14:36:00.000,0.0,0.0,9,7.0,-2.0,-9.0,-11.0,0.0,Acm,Blg,Blg
40350.0,2019-03-11,GT,GODS,Första,Passage,0,-,0,-,1,Avky,Blg,Avesta Krylbo,Avky,Avesta Centrum,Acm,2019-03-11 10:03:00.000,2019-03-11 10:06:00.000,2019-03-11 02:19:00.000,,,,,,3,,,,-467.0,,Acm,Blg,Acm
40350.0,2019-03-11,GT,GODS,Passage,Uppehåll,0,-,0,-,2,Avky,Blg,Avesta Centrum,Acm,Snickarbo,Snb,2019-03-11 10:06:00.000,2019-03-11 10:15:00.000,2019-03-11 02:28:00.000,,2019-03-11 10:06:00.000,2019-03-11 02:19:00.000,0.0,,9,,,,-467.0,,Acm,Blg,Snb
40350.0,2019-03-11,GT,GODS,Uppehåll,Uppehåll,0,-,0,-,3,Avky,Blg,Snickarbo,Snb,Hedemora,Hdm,2019-03-11 10:31:00.000,2019-03-11 10:40:00.000,2019-03-11 02:53:00.000,,2019-03-11 10:15:00.000,2019-03-11 02:28:00.000,16.0,,9,,,,-467.0,,Acm,Blg,Hdm
40350.0,2019-03-11,GT,GODS,Uppehåll,Passage,0,-,0,-,4,Avky,Blg,Hedemora,Hdm,Vikmanshyttan,Vhy,2019-03-11 10:58:00.000,2019-03-11 11:03:00.000,2019-03-11 03:16:00.000,,2019-03-11 10:40:00.000,2019-03-11 02:53:00.000,18.0,,5,,,,-467.0,,Acm,Blg,Vhy
40350.0,2019-03-11,GT,GODS,Passage,Passage,0,-,0,-,5,Avky,Blg,Vikmanshyttan,Vhy,Säter,St,2019-03-11 11:03:00.000,2019-03-11 11:09:00.000,2019-03-11 03:22:00.000,,2019-03-11 11:03:00.000,2019-03-11 03:16:00.000,0.0,,6,,,,-467.0,,Acm,Blg,St
40350.0,2019-03-11,GT,GODS,Passage,Passage,0,-,0,-,6,Avky,Blg,Säter,St,Gustafs,Gtf,2019-03-11 11:09:00.000,2019-03-11 11:16:00.000,2019-03-11 03:29:00.000,,2019-03-11 11:09:00.000,2019-03-11 03:22:00.000,0.0,,7,,,,-467.0,,Acm,Blg,Gtf
40350.0,2019-03-11,GT,GODS,Passage,Passage,0,-,0,-,7,Avky,Blg,Gustafs,Gtf,Stora Tuna,Sau,2019-03-11 11:16:00.000,2019-03-11 11:20:00.000,2019-03-11 03:33:00.000,,2019-03-11 11:16:00.000,2019-03-11 03:29:00.000,0.0,,4,,,,-467.0,,Acm,Blg,Sau
40350.0,2019-03-11,GT,GODS,Passage,Sista,0,-,20,Vagnavkoppling av godsvagnar,8,Avky,Blg,Stora Tuna,Sau,Borlänge c,Blg,2019-03-11 11:20:00.000,2019-03-11 11:27:00.000,2019-03-11 03:40:00.000,,2019-03-11 11:20:00.000,2019-03-11 03:33:00.000,0.0,,7,,,,-467.0,,Acm,Blg,Blg
65733.0,2019-03-20,TJT,-,Uppehåll,Passage,22,Vagn av- och tillkoppling av godsvagnar,0,-,1,Fs,Blg,Avesta Krylbo,Avky,Avesta Centrum,Acm,2019-03-20 15:31:00.000,2019-03-20 15:34:00.000,2019-03-20 14:25:00.000,2019-03-20 14:15:00.000,,,,,3,10.0,7.0,-76.0,-69.0,,Acm,Blg,Acm
65733.0,2019-03-20,TJT,-,Första,Passage,22,Vagn av- och tillkoppling av godsvagnar,0,-,1,Fs,Blg,Fors,Fs,Jularbo,Ju,2019-03-20 15:09:00.000,2019-03-20 15:12:00.000,2019-03-20 13:55:00.000,2019-03-20 13:51:00.000,,,,,3,4.0,1.0,-78.0,-77.0,,Acm,Blg,Ju
65733.0,2019-03-20,TJT,-,Passage,Uppehåll,0,-,22,Vagn av- och tillkoppling av godsvagnar,2,Fs,Blg,Jularbo,Ju,Avesta Krylbo,Avky,2019-03-20 15:12:00.000,2019-03-20 15:16:00.000,2019-03-20 13:59:00.000,2019-03-20 13:55:00.000,2019-03-20 15:12:00.000,2019-03-20 13:55:00.000,0.0,0.0,4,4.0,0.0,-77.0,-77.0,0.0,Acm,Blg,Avky
65733.0,2019-03-20,TJT,-,Passage,Passage,0,-,0,-,2,Fs,Blg,Avesta Centrum,Acm,Snickarbo,Snb,2019-03-20 15:34:00.000,2019-03-20 15:39:00.000,2019-03-20 14:30:00.000,,2019-03-20 15:34:00.000,2019-03-20 14:25:00.000,0.0,,5,,,,-69.0,,Acm,Blg,Snb
65733.0,2019-03-20,TJT,-,Passage,Passage,0,-,0,-,3,Fs,Blg,Snickarbo,Snb,Hedemora,Hdm,2019-03-20 15:39:00.000,2019-03-20 15:46:00.000,2019-03-20 14:37:00.000,2019-03-20 14:30:00.000,2019-03-20 15:39:00.000,2019-03-20 14:30:00.000,0.0,0.0,7,7.0,0.0,-69.0,-69.0,0.0,Acm,Blg,Hdm
65733.0,2019-03-20,TJT,-,Passage,Passage,0,-,0,-,4,Fs,Blg,Hedemora,Hdm,Vikmanshyttan,Vhy,2019-03-20 15:46:00.000,2019-03-20 15:50:00.000,2019-03-20 14:41:00.000,2019-03-20 14:37:00.000,2019-03-20 15:46:00.000,2019-03-20 14:37:00.000,0.0,0.0,4,4.0,0.0,-69.0,-69.0,0.0,Acm,Blg,Vhy
65733.0,2019-03-20,TJT,-,Passage,Passage,0,-,0,-,5,Fs,Blg,Vikmanshyttan,Vhy,Säter,St,2019-03-20 15:50:00.000,2019-03-20 15:55:00.000,2019-03-20 14:47:00.000,2019-03-20 14:41:00.000,2019-03-20 15:50:00.000,2019-03-20 14:41:00.000,0.0,0.0,5,6.0,1.0,-69.0,-68.0,0.0,Acm,Blg,St
65733.0,2019-03-20,TJT,-,Passage,Uppehåll,0,-,0,-,6,Fs,Blg,Säter,St,Gustafs,Gtf,2019-03-20 15:55:00.000,2019-03-20 16:02:00.000,2019-03-20 14:54:00.000,2019-03-20 14:47:00.000,2019-03-20 15:55:00.000,2019-03-20 14:47:00.000,0.0,0.0,7,7.0,0.0,-68.0,-68.0,0.0,Acm,Blg,Gtf
65733.0,2019-03-20,TJT,-,Uppehåll,Uppehåll,0,-,0,-,7,Fs,Blg,Gustafs,Gtf,Stora Tuna,Sau,2019-03-20 16:06:00.000,2019-03-20 16:11:00.000,2019-03-20 14:57:00.000,2019-03-20 14:54:00.000,2019-03-20 16:02:00.000,2019-03-20 14:54:00.000,4.0,0.0,5,3.0,-2.0,-72.0,-74.0,-4.0,Acm,Blg,Sau
65733.0,2019-03-20,TJT,-,Uppehåll,Sista,0,-,22,Vagn av- och tillkoppling av godsvagnar,8,Fs,Blg,Stora Tuna,Sau,Borlänge c,Blg,2019-03-20 16:24:00.000,2019-03-20 16:30:00.000,2019-03-20 15:03:00.000,2019-03-20 14:58:00.000,2019-03-20 16:11:00.000,2019-03-20 14:57:00.000,13.0,1.0,6,5.0,-1.0,-86.0,-87.0,-12.0,Acm,Blg,Blg
